id,survey,question_id,sim_basic,sim_basic_all20,sim_sentiment
S4-q3-0001,4,q3,0.4805038571357727,0.4906483292579651,0.5012972354888916
S4-q3-0002,4,q3,0.688138484954834,0.6881382465362549,0.7349405288696289
S4-q3-0003,4,q3,0.612939178943634,0.6129393577575684,0.6187881231307983
S4-q3-0004,4,q3,0.6370900869369507,0.6734082698822021,0.7472622990608215
S4-q3-0005,4,q3,0.6640650033950806,0.6640650033950806,0.6941858530044556
S4-q3-0006,4,q3,0.53061842918396,0.5458451509475708,0.6008715033531189
S4-q3-0007,4,q3,0.5800764560699463,0.5800762176513672,0.6390593647956848
S4-q3-0008,4,q3,0.46529367566108704,0.4742571711540222,0.439487487077713
S4-q3-0009,4,q3,0.3778173327445984,0.37781745195388794,0.3096337914466858
S4-q3-0010,4,q3,0.5282265543937683,0.5282266139984131,0.5453018546104431
S4-q3-0011,4,q3,0.6759464144706726,0.6759464144706726,0.6885933876037598
S4-q3-0012,4,q3,0.6123766899108887,0.6349270343780518,0.6671731472015381
S4-q3-0013,4,q3,0.47356531023979187,0.47356539964675903,0.46578022837638855
S4-q3-0014,4,q3,0.6432210206985474,0.6432210206985474,0.6717376112937927
S4-q3-0015,4,q3,0.7583312392234802,0.7583311796188354,0.817621648311615
S4-q3-0016,4,q3,0.7141095995903015,0.7303704619407654,0.7796278595924377
S4-q3-0017,4,q3,0.6545678377151489,0.6545680165290833,0.6960150003433228
S4-q3-0018,4,q3,0.5774917006492615,0.5774917602539062,0.5545903444290161
S4-q3-0019,4,q3,0.3590548038482666,0.3590547740459442,0.41721805930137634
S4-q3-0020,4,q3,0.6075562834739685,0.6075562238693237,0.6354230046272278
S4-q3-0021,4,q3,0.6067790985107422,0.6225261092185974,0.6515676379203796
S4-q3-0022,4,q3,0.6409704685211182,0.6409706473350525,0.709214985370636
S4-q3-0023,4,q3,0.6688072085380554,0.6736960411071777,0.6786153316497803
S4-q3-0024,4,q3,0.38896700739860535,0.38896721601486206,0.37306028604507446
S4-q3-0025,4,q3,0.601315438747406,0.6013156771659851,0.6720449328422546
S4-q3-0026,4,q3,0.659874677658081,0.6598744988441467,0.6691703200340271
S4-q3-0027,4,q3,0.7046109437942505,0.7046107649803162,0.7662353515625
S4-q3-0028,4,q3,0.5941953659057617,0.5941956043243408,0.6090877056121826
S4-q3-0029,4,q3,0.6380120515823364,0.6380120515823364,0.6574803590774536
S4-q3-0030,4,q3,0.47234028577804565,0.4723406434059143,0.513913094997406
S4-q3-0031,4,q3,0.7814987897872925,0.7894017696380615,0.8348166942596436
S4-q3-0032,4,q3,0.6977389454841614,0.6977391242980957,0.7343066334724426
S4-q3-0033,4,q3,0.5898467302322388,0.5898469090461731,0.5542062520980835
S4-q3-0034,4,q3,0.7006934285163879,0.7547046542167664,0.8126258254051208
S4-q3-0035,4,q3,0.607026219367981,0.6070261001586914,0.6534454226493835
S4-q3-0036,4,q3,0.6031448245048523,0.6031450033187866,0.7002173662185669
S4-q3-0037,4,q3,0.6248860955238342,0.638698399066925,0.6944311857223511
S4-q3-0038,4,q3,0.5436590909957886,0.6082006692886353,0.6001441478729248
S4-q3-0039,4,q3,0.5539294481277466,0.5539295077323914,0.6021046042442322
S4-q3-0040,4,q3,0.6563968658447266,0.6563969850540161,0.7579162120819092
S4-q3-0041,4,q3,0.5879884362220764,0.6825205087661743,0.6557736992835999
S4-q3-0042,4,q3,0.6252483129501343,0.6252484321594238,0.6734763979911804
S4-q3-0043,4,q3,0.6264066100120544,0.6264064908027649,0.5934610962867737
S4-q3-0044,4,q3,0.6389123797416687,0.6389124393463135,0.7027103304862976
S4-q3-0045,4,q3,0.6233649253845215,0.6233648657798767,0.5859043598175049
S4-q3-0046,4,q3,0.652143657207489,0.652143657207489,0.7141457200050354
S4-q3-0047,4,q3,0.3405607044696808,0.40096697211265564,0.45634925365448
S4-q3-0048,4,q3,0.6138220429420471,0.6138219833374023,0.6408186554908752
S4-q3-0049,4,q3,0.6312202215194702,0.6312202215194702,0.7004751563072205
S4-q3-0050,4,q3,0.5743215680122375,0.5743215680122375,0.614820659160614
S4-q3-0051,4,q3,0.5915800333023071,0.5915801525115967,0.5801634192466736
S4-q3-0052,4,q3,0.46045389771461487,0.4980451464653015,0.47634822130203247
S4-q3-0053,4,q3,0.6386665105819702,0.6386666297912598,0.7105985879898071
S4-q3-0054,4,q3,0.5695812106132507,0.5822330117225647,0.5686330199241638
S4-q3-0055,4,q3,0.47565940022468567,0.4922724664211273,0.4629632830619812
S4-q3-0056,4,q3,0.6569215655326843,0.6569215059280396,0.6694530844688416
S3-q2-0001,3,q2,0.35327082872390747,0.353270947933197,0.3441489636898041
S3-q2-0002,3,q2,0.513217568397522,0.5132176876068115,0.5779340267181396
S3-q2-0003,3,q2,0.45576682686805725,0.4880150854587555,0.5168363451957703
S3-q2-0004,3,q2,0.4547521471977234,0.45475220680236816,0.5173841714859009
S3-q2-0005,3,q2,0.3326835036277771,0.33268362283706665,0.3517732620239258
S3-q2-0006,3,q2,0.33321255445480347,0.3332127034664154,0.35307246446609497
S3-q2-0007,3,q2,0.4476054310798645,0.4476054906845093,0.597338855266571
S3-q2-0008,3,q2,0.49228161573410034,0.4922814667224884,0.5031207799911499
S3-q2-0009,3,q2,0.6415413618087769,0.6415414810180664,0.6507612466812134
S3-q2-0010,3,q2,0.544684112071991,0.5446841716766357,0.6704732179641724
S3-q2-0011,3,q2,0.35566145181655884,0.35566163063049316,0.3928079903125763
S3-q2-0012,3,q2,0.6682899594306946,0.6682898998260498,0.6913998126983643
S3-q2-0013,3,q2,0.3292689919471741,0.32926905155181885,0.3845718204975128
S3-q2-0014,3,q2,0.3485617935657501,0.34856176376342773,0.3928676247596741
S3-q2-0015,3,q2,0.572232186794281,0.5820080637931824,0.6049157381057739
S3-q2-0016,3,q2,0.7864164710044861,0.8061864972114563,0.8244084119796753
S3-q2-0017,3,q2,0.7322154641151428,0.732215166091919,0.6883947849273682
S3-q2-0018,3,q2,0.4936674237251282,0.49366751313209534,0.5238909125328064
S3-q2-0019,3,q2,0.5895845890045166,0.5895846486091614,0.6513165831565857
S3-q2-0020,3,q2,0.5310449004173279,0.5310450792312622,0.6685708165168762
S3-q2-0021,3,q2,0.5566470623016357,0.5781023502349854,0.6191691756248474
S3-q2-0022,3,q2,0.620071291923523,0.6266940236091614,0.6637840270996094
S3-q2-0023,3,q2,0.6567463874816895,0.6567464470863342,0.69659823179245
S3-q2-0024,3,q2,0.4843997657299042,0.48439979553222656,0.5269333720207214
S3-q2-0025,3,q2,0.1386294960975647,0.13862960040569305,0.1785537749528885
S3-q2-0026,3,q2,0.2808248996734619,0.2808249890804291,0.29312872886657715
S3-q2-0027,3,q2,0.5655747056007385,0.5655747652053833,0.5839406847953796
S3-q2-0028,3,q2,0.5072129368782043,0.5293015837669373,0.5917602777481079
S3-q2-0029,3,q2,0.3377741873264313,0.3381652235984802,0.36825230717658997
S3-q2-0030,3,q2,0.5425901412963867,0.5425900816917419,0.5677709579467773
S3-q2-0031,3,q2,0.5225903391838074,0.522590160369873,0.5667663812637329
S3-q2-0032,3,q2,0.6136459112167358,0.6136461496353149,0.630242109298706
S3-q2-0033,3,q2,0.6250882148742676,0.6250882744789124,0.7059704065322876
S3-q2-0034,3,q2,0.49073928594589233,0.4907395541667938,0.5941395163536072
S3-q2-0035,3,q2,0.48885244131088257,0.4888525605201721,0.5312402248382568
S3-q2-0036,3,q2,0.7507880330085754,0.7634786367416382,0.8093990683555603
S3-q2-0037,3,q2,0.5841881036758423,0.5841883420944214,0.604234516620636
S3-q2-0038,3,q2,0.7616997957229614,0.7921241521835327,0.8244181275367737
S3-q2-0039,3,q2,0.6544142365455627,0.6683687567710876,0.6855292320251465
S3-q2-0040,3,q2,0.5795415639877319,0.579541802406311,0.5745868682861328
S3-q2-0041,3,q2,0.733664333820343,0.7441154718399048,0.7553783655166626
S3-q2-0042,3,q2,0.6169509887695312,0.6215721964836121,0.673095166683197
S3-q2-0043,3,q2,0.26899975538253784,0.2689998745918274,0.2665432393550873
S3-q2-0044,3,q2,0.6631259322166443,0.6799919009208679,0.7422735691070557
S3-q2-0045,3,q2,0.49134746193885803,0.49134746193885803,0.5817625522613525
S3-q2-0046,3,q2,0.46828824281692505,0.4682881534099579,0.4887939989566803
S3-q2-0047,3,q2,0.43705764412879944,0.437057763338089,0.4714087247848511
S3-q2-0048,3,q2,0.5051087141036987,0.5378625392913818,0.5711420178413391
S3-q2-0049,3,q2,0.4602585434913635,0.46025869250297546,0.42192474007606506
S3-q2-0050,3,q2,0.6146120429039001,0.6146120429039001,0.6299974322319031
S3-q2-0051,3,q2,0.49092888832092285,0.49092891812324524,0.5686352849006653
S3-q2-0052,3,q2,0.5141482353210449,0.5141484141349792,0.6023858785629272
S3-q2-0053,3,q2,0.5957204699516296,0.6129528284072876,0.6930095553398132
S3-q2-0054,3,q2,0.7161529064178467,0.716153085231781,0.7399348020553589
S3-q2-0055,3,q2,0.5169729590415955,0.5169732570648193,0.633055567741394
S3-q2-0056,3,q2,0.24100324511528015,0.24100324511528015,0.33689162135124207
S3-q2-0057,3,q2,0.7933082580566406,0.8009545803070068,0.8502843379974365
S3-q2-0058,3,q2,0.6293699741363525,0.6293700933456421,0.669954776763916
S3-q2-0059,3,q2,0.5468199253082275,0.5468201637268066,0.6315419673919678
S3-q2-0060,3,q2,0.29728493094444275,0.29728496074676514,0.3313194215297699
S3-q2-0061,3,q2,0.6978211998939514,0.7145341038703918,0.7535722851753235
S3-q2-0062,3,q2,0.46006983518600464,0.46007001399993896,0.5558229684829712
S3-q2-0063,3,q2,0.17311806976795197,0.17311806976795197,0.17724773287773132
S3-q2-0064,3,q2,0.6229936480522156,0.6549966931343079,0.6753211617469788
S3-q2-0065,3,q2,0.5035827159881592,0.503582775592804,0.5577873587608337
S3-q2-0066,3,q2,0.6424941420555115,0.6430555582046509,0.7024163007736206
S3-q2-0067,3,q2,0.48236119747161865,0.48236146569252014,0.5547589659690857
S3-q2-0068,3,q2,0.2673167884349823,0.2673167884349823,0.3930503726005554
S3-q2-0069,3,q2,0.45879626274108887,0.4599256217479706,0.5036678910255432
S3-q2-0070,3,q2,0.6996074318885803,0.6996073126792908,0.6576266288757324
S3-q2-0071,3,q2,0.6666983366012573,0.666999101638794,0.7087829113006592
S3-q2-0072,3,q2,0.5267178416252136,0.5267179012298584,0.5801970958709717
S3-q2-0073,3,q2,0.6131563186645508,0.613156259059906,0.6064574718475342
S3-q2-0074,3,q2,0.6460846066474915,0.6464011073112488,0.724326491355896
S3-q2-0075,3,q2,0.6093572378158569,0.6093571186065674,0.6196038722991943
S3-q2-0076,3,q2,0.5469523668289185,0.5820657014846802,0.5866795778274536
S3-q2-0077,3,q2,0.5082195997238159,0.508219838142395,0.6090941429138184
S3-q2-0078,3,q2,0.5448816418647766,0.5476273894309998,0.5996384620666504
S3-q2-0079,3,q2,0.42608389258384705,0.4260839521884918,0.6460040807723999
S3-q2-0080,3,q2,0.4636814594268799,0.463681697845459,0.48944780230522156
S3-q2-0081,3,q2,0.5610946416854858,0.5610945820808411,0.6007204055786133
S3-q2-0082,3,q2,0.5464781522750854,0.5464784502983093,0.5683252811431885
S3-q2-0083,3,q2,0.47854459285736084,0.4785447120666504,0.5993291735649109
S3-q2-0084,3,q2,0.35284942388534546,0.3670196235179901,0.39269453287124634
S3-q2-0085,3,q2,0.4077393114566803,0.40773946046829224,0.4295692443847656
S3-q2-0086,3,q2,0.47845223546028137,0.47845208644866943,0.46701833605766296
S3-q2-0087,3,q2,0.5411346554756165,0.5411345958709717,0.5743305087089539
S3-q2-0088,3,q2,0.4247337877750397,0.42473384737968445,0.4477291703224182
S3-q2-0089,3,q2,0.47164788842201233,0.47164788842201233,0.564985990524292
S3-q2-0090,3,q2,0.6312364935874939,0.6709887981414795,0.7240359783172607
S3-q2-0091,3,q2,0.5603442192077637,0.560344398021698,0.5871924757957458
S3-q2-0092,3,q2,0.6983740329742432,0.6983737349510193,0.7279612421989441
S3-q2-0093,3,q2,0.683730959892273,0.6904838681221008,0.724859893321991
S3-q2-0094,3,q2,0.57196444272995,0.57196444272995,0.7052909135818481
S3-q2-0095,3,q2,0.49866148829460144,0.4986615777015686,0.61423259973526
S3-q2-0096,3,q2,0.5421707630157471,0.5421708822250366,0.5475208163261414
S3-q2-0097,3,q2,0.48855188488960266,0.5216046571731567,0.5499783158302307
S3-q2-0098,3,q2,0.5725350379943848,0.5725349187850952,0.6129264831542969
S3-q2-0099,3,q2,0.5626338124275208,0.5626338720321655,0.606379508972168
S3-q2-0100,3,q2,0.5765057802200317,0.5765056014060974,0.6083856225013733
S3-q2-0101,3,q2,0.5544702410697937,0.5544702410697937,0.5534798502922058
S3-q2-0102,3,q2,0.5554729700088501,0.5554730892181396,0.5936512351036072
S3-q2-0103,3,q2,0.5822088718414307,0.5822089314460754,0.7426742911338806
S3-q2-0104,3,q2,0.7054911255836487,0.7054912447929382,0.7184098362922668
S3-q2-0105,3,q2,0.50228351354599,0.524273157119751,0.5401048064231873
S3-q2-0106,3,q2,0.4009038209915161,0.4009040296077728,0.4265396296977997
S2-q3-0001,2,q3,0.10991353541612625,0.1099134311079979,0.04344058036804199
S2-q3-0002,2,q3,0.6461508274078369,0.6679926514625549,0.6938815116882324
S2-q3-0003,2,q3,0.6198250651359558,0.6198250651359558,0.6056295037269592
S2-q3-0004,2,q3,0.6857227087020874,0.6857228875160217,0.6821491122245789
S2-q3-0005,2,q3,0.6087741255760193,0.6087741851806641,0.672837495803833
S2-q3-0006,2,q3,0.5574057698249817,0.5880923867225647,0.5376536846160889
S2-q3-0007,2,q3,0.46305012702941895,0.46305009722709656,0.5842994451522827
S2-q3-0008,2,q3,0.614482581615448,0.6199257969856262,0.5821805000305176
S2-q3-0009,2,q3,0.5903142690658569,0.5903142094612122,0.6521052122116089
S2-q3-0010,2,q3,0.28505393862724304,0.28505414724349976,0.26825106143951416
S2-q3-0011,2,q3,0.4681069850921631,0.4681072235107422,0.4391663074493408
S2-q3-0012,2,q3,0.43152087926864624,0.431520938873291,0.47511380910873413
S2-q3-0013,2,q3,0.6205514669418335,0.6205515265464783,0.6469577550888062
S2-q3-0014,2,q3,0.5367977619171143,0.536797821521759,0.5123067498207092
S2-q3-0015,2,q3,0.6544904112815857,0.6544903516769409,0.6400662660598755
S2-q3-0016,2,q3,0.5670815110206604,0.5670814514160156,0.5946071743965149
S2-q3-0017,2,q3,0.5617831349372864,0.5617830157279968,0.5385268926620483
S2-q3-0018,2,q3,0.49047228693962097,0.49047228693962097,0.5800210237503052
S2-q3-0019,2,q3,0.6038883924484253,0.6204236745834351,0.6248219609260559
S2-q3-0020,2,q3,0.4809730052947998,0.4809730052947998,0.4419904053211212
S2-q3-0021,2,q3,0.5814803838729858,0.5814803838729858,0.6260550022125244
S2-q3-0022,2,q3,0.6726965308189392,0.7090839743614197,0.7359607815742493
S2-q3-0023,2,q3,0.7774731516838074,0.7774731516838074,0.7466163635253906
S2-q3-0024,2,q3,0.23435989022254944,0.27120286226272583,0.38714277744293213
S2-q3-0025,2,q3,0.6500901579856873,0.6500900387763977,0.6764737367630005
S2-q3-0026,2,q3,0.30810123682022095,0.30810117721557617,0.32864195108413696
S2-q3-0027,2,q3,0.6111852526664734,0.6220449805259705,0.7064675092697144
S2-q3-0028,2,q3,0.6030700206756592,0.6030699610710144,0.6870765686035156
S2-q3-0029,2,q3,0.6159840822219849,0.6159840226173401,0.6845648884773254
S2-q3-0030,2,q3,0.5563197731971741,0.5572684407234192,0.5607804656028748
S2-q3-0031,2,q3,0.7506653070449829,0.7506653070449829,0.7878438830375671
S2-q3-0032,2,q3,0.7900288105010986,0.7900289297103882,0.7916020154953003
S2-q3-0033,2,q3,0.649334192276001,0.6493342518806458,0.6334044933319092
S2-q3-0034,2,q3,0.6356508135795593,0.6461398005485535,0.6954119801521301
S2-q3-0035,2,q3,0.5231904983520508,0.5231904983520508,0.5893904566764832
S2-q3-0036,2,q3,0.6738809943199158,0.673880934715271,0.6692937016487122
S2-q3-0037,2,q3,0.7155982255935669,0.7237241864204407,0.7555814981460571
S2-q3-0038,2,q3,0.23095405101776123,0.23095418512821198,0.23848918080329895
S2-q3-0039,2,q3,0.7441109418869019,0.7658674120903015,0.7931656837463379
S2-q3-0040,2,q3,0.572761595249176,0.6019428372383118,0.6549620628356934
S2-q3-0041,2,q3,0.6607762575149536,0.6644940972328186,0.7542757987976074
S2-q3-0042,2,q3,0.6538940668106079,0.7111203074455261,0.739441990852356
S2-q3-0043,2,q3,0.4184282720088959,0.42772188782691956,0.49079301953315735
S2-q3-0044,2,q3,0.5409407615661621,0.540940523147583,0.5648242235183716
S2-q3-0045,2,q3,0.6748940348625183,0.6748939156532288,0.6949455142021179
S2-q3-0046,2,q3,0.6097444891929626,0.6114748120307922,0.7153200507164001
S2-q3-0047,2,q3,0.6082720160484314,0.6082718968391418,0.6944444179534912
S2-q3-0048,2,q3,0.6214426159858704,0.6306630373001099,0.6619942784309387
S2-q3-0049,2,q3,0.595348596572876,0.5999432802200317,0.6928943991661072
S2-q3-0050,2,q3,0.6091187596321106,0.6091187596321106,0.7058785557746887
S2-q3-0051,2,q3,0.6265372633934021,0.6265372633934021,0.6507466435432434
S2-q3-0052,2,q3,0.6643927097320557,0.6643924713134766,0.6682223081588745
S2-q3-0053,2,q3,0.6303038597106934,0.6303038597106934,0.661161482334137
S2-q3-0054,2,q3,0.571413516998291,0.5885489583015442,0.6093063354492188
S2-q3-0055,2,q3,0.695122241973877,0.6951221823692322,0.7071782946586609
S2-q3-0056,2,q3,0.7310559153556824,0.7720630764961243,0.7892728447914124
S2-q1-0057,2,q1,0.16319864988327026,0.16319860517978668,0.20435254275798798
S2-q1-0058,2,q1,0.6754476428031921,0.6754477620124817,0.694817304611206
S2-q1-0059,2,q1,0.5436723232269287,0.5515265464782715,0.5338854193687439
S2-q1-0060,2,q1,0.6542667150497437,0.6542668342590332,0.5648738145828247
S2-q1-0061,2,q1,0.4313639998435974,0.43136394023895264,0.4145050346851349
S2-q1-0062,2,q1,0.20628505945205688,0.2722119092941284,0.28971466422080994
S2-q1-0063,2,q1,0.18117842078208923,0.18117845058441162,0.29284948110580444
S2-q1-0064,2,q1,0.30375462770462036,0.30375462770462036,0.3705103397369385
S2-q1-0065,2,q1,0.4436580240726471,0.4454715847969055,0.5037026405334473
S2-q1-0066,2,q1,0.4208691418170929,0.42086920142173767,0.444016695022583
S2-q1-0067,2,q1,0.7046491503715515,0.7537065744400024,0.7408618330955505
S2-q1-0068,2,q1,0.4393676221370697,0.4506838321685791,0.5246835350990295
S2-q1-0069,2,q1,0.4913105368614197,0.5593255758285522,0.5447502732276917
S2-q1-0070,2,q1,0.4479992091655731,0.4479992985725403,0.4937499761581421
S2-q1-0071,2,q1,0.4397640824317932,0.43976420164108276,0.43695303797721863
S2-q1-0072,2,q1,0.49081629514694214,0.49547895789146423,0.5635054707527161
S2-q1-0073,2,q1,0.5924074053764343,0.5924075245857239,0.6588752269744873
S2-q1-0074,2,q1,0.33908402919769287,0.4154864549636841,0.4167083203792572
S2-q1-0075,2,q1,0.6838424205780029,0.7330405712127686,0.7199013829231262
S2-q1-0076,2,q1,0.7857398390769958,0.7857397794723511,0.8177112936973572
S2-q1-0077,2,q1,0.4061962068080902,0.4130842387676239,0.39882132411003113
S2-q1-0078,2,q1,0.4703586995601654,0.5260378122329712,0.6075764894485474
S2-q1-0079,2,q1,0.7512776851654053,0.7512775659561157,0.8156126737594604
S2-q1-0080,2,q1,0.819529116153717,0.8195290565490723,0.8193580508232117
S2-q1-0081,2,q1,0.5874345898628235,0.5874344110488892,0.6812739372253418
S2-q1-0082,2,q1,0.6415112614631653,0.6415111422538757,0.6335949301719666
S2-q1-0083,2,q1,0.578247606754303,0.5782473087310791,0.6286729574203491
S2-q1-0084,2,q1,0.6217893958091736,0.6217892169952393,0.6032736897468567
S2-q1-0085,2,q1,0.7661349773406982,0.7661349773406982,0.7917616367340088
S2-q1-0086,2,q1,0.7316527366638184,0.7316526770591736,0.7819031476974487
S2-q1-0087,2,q1,0.6443403959274292,0.6443402171134949,0.5873563289642334
S2-q1-0088,2,q1,0.6147840023040771,0.6147840619087219,0.5594736337661743
S2-q1-0089,2,q1,0.5878222584724426,0.5878220796585083,0.6250062584877014
S2-q1-0090,2,q1,0.4434681832790375,0.45878660678863525,0.4877490997314453
S2-q1-0091,2,q1,0.17800992727279663,0.20723631978034973,0.251788467168808
S2-q1-0092,2,q1,0.2831200957298279,0.28721436858177185,0.3690859377384186
S2-q1-0093,2,q1,0.5564038753509521,0.5564038753509521,0.5464562773704529
S2-q1-0094,2,q1,0.7246456146240234,0.7246454954147339,0.7295746803283691
S2-q1-0095,2,q1,0.45934218168258667,0.4726095497608185,0.4851895272731781
S2-q1-0096,2,q1,0.043490346521139145,0.10378129780292511,0.09915584325790405
S2-q1-0097,2,q1,0.7812149524688721,0.8189812898635864,0.8312454223632812
S2-q1-0098,2,q1,0.5973655581474304,0.6099990010261536,0.5963222980499268
S2-q1-0099,2,q1,0.6248962879180908,0.6248961687088013,0.5939435958862305
S2-q1-0100,2,q1,0.6228843927383423,0.6228845715522766,0.6117055416107178
S2-q1-0101,2,q1,0.7683308124542236,0.7683305144309998,0.7545837759971619
S2-q1-0102,2,q1,0.5074631571769714,0.5074633359909058,0.5178388953208923
S2-q1-0103,2,q1,0.557677686214447,0.5576775670051575,0.5650476813316345
S2-q1-0104,2,q1,0.7335696220397949,0.7335696816444397,0.7657393217086792
S2-q1-0105,2,q1,0.4387262463569641,0.4515240788459778,0.5149059891700745
S2-q1-0106,2,q1,0.35459280014038086,0.354592889547348,0.39190566539764404
S2-q1-0107,2,q1,0.752927839756012,0.7529277801513672,0.8033406138420105
S2-q1-0108,2,q1,0.48025548458099365,0.4802555739879608,0.5106801986694336
S2-q1-0109,2,q1,0.4667259752750397,0.4742908775806427,0.5003550052642822
S2-q1-0110,2,q1,0.7918887138366699,0.7918885946273804,0.7975913286209106
S2-q1-0111,2,q1,0.6886194944381714,0.7695258855819702,0.7412874698638916
S2-q1-0112,2,q1,0.7703191041946411,0.7703191637992859,0.7937255501747131
S2-q1-0113,2,q1,0.5843338370323181,0.6124334931373596,0.5864806771278381
S2-q1-0114,2,q1,0.7372663021087646,0.7483049631118774,0.7443718910217285
S3-q1-0107,3,q1,0.1862819641828537,0.18628187477588654,0.26831525564193726
S3-q1-0108,3,q1,0.15962980687618256,0.15962982177734375,0.23015832901000977
S3-q1-0109,3,q1,0.25237709283828735,0.25237715244293213,0.31874924898147583
S3-q1-0110,3,q1,0.23539739847183228,0.2353973686695099,0.30473265051841736
S3-q1-0111,3,q1,0.3555687367916107,0.3555687963962555,0.3329325318336487
S3-q1-0112,3,q1,0.003966253250837326,0.003966257907450199,0.09648840874433517
S3-q1-0113,3,q1,0.17251169681549072,0.17251171171665192,0.23715253174304962
S3-q1-0114,3,q1,0.1848554164171219,0.18485543131828308,0.29050856828689575
S3-q1-0115,3,q1,0.2943117916584015,0.3015349805355072,0.3751262128353119
S3-q1-0116,3,q1,0.409511536359787,0.421630322933197,0.37431493401527405
S3-q1-0117,3,q1,0.16798663139343262,0.16798661649227142,0.31196174025535583
S3-q1-0118,3,q1,0.31437012553215027,0.31436997652053833,0.4068959355354309
S3-q1-0119,3,q1,0.3234492242336273,0.3272979259490967,0.33864423632621765
S3-q1-0120,3,q1,0.3131374716758728,0.3131375312805176,0.24153614044189453
S3-q1-0121,3,q1,0.25321900844573975,0.2532190680503845,0.1731889396905899
S3-q1-0122,3,q1,0.36221304535865784,0.3660085201263428,0.41958266496658325
S3-q1-0123,3,q1,0.8115763664245605,0.8115763664245605,0.919745147228241
S3-q1-0124,3,q1,0.48809951543807983,0.488099604845047,0.617376983165741
S3-q1-0125,3,q1,0.6672899723052979,0.6842963695526123,0.7532697916030884
S3-q1-0126,3,q1,0.26148951053619385,0.26148954033851624,0.3800997734069824
S3-q1-0127,3,q1,0.16570307314395905,0.19678638875484467,0.1681494116783142
S3-q1-0128,3,q1,0.38427191972732544,0.3842719495296478,0.3563118278980255
S3-q1-0129,3,q1,0.3024161159992218,0.3037428557872772,0.4063856303691864
S3-q1-0130,3,q1,0.2801412343978882,0.28014108538627625,0.3113024830818176
S3-q1-0131,3,q1,0.14227189123630524,0.14227190613746643,0.19442877173423767
S3-q1-0132,3,q1,0.3095005452632904,0.3244308829307556,0.36845606565475464
S3-q1-0133,3,q1,0.18343836069107056,0.18343837559223175,0.25890418887138367
S3-q1-0134,3,q1,0.10756444931030273,0.111699678003788,0.1722220629453659
S3-q1-0135,3,q1,0.19033634662628174,0.1903364360332489,0.172052264213562
S3-q1-0136,3,q1,0.151035875082016,0.17607522010803223,0.2179916501045227
S3-q1-0137,3,q1,0.32664409279823303,0.3266439735889435,0.43116018176078796
S3-q1-0138,3,q1,0.17591515183448792,0.1759152114391327,0.21446281671524048
S3-q1-0139,3,q1,0.29645422101020813,0.29645422101020813,0.33592987060546875
S3-q1-0140,3,q1,0.4672318696975708,0.46723172068595886,0.4669424593448639
S3-q1-0141,3,q1,0.5037062764167786,0.5037062168121338,0.5754424333572388
S3-q1-0142,3,q1,0.7222716212272644,0.722271740436554,0.8540246486663818
S3-q1-0143,3,q1,0.2769177258014679,0.31048816442489624,0.3061162829399109
S3-q1-0144,3,q1,0.6914865374565125,0.6914865374565125,0.7710225582122803
S3-q1-0145,3,q1,0.12724067270755768,0.12724068760871887,0.2022932767868042
S3-q1-0146,3,q1,0.33478793501853943,0.33478787541389465,0.40948984026908875
S3-q1-0147,3,q1,0.24343273043632507,0.24383927881717682,0.27255648374557495
S3-q1-0148,3,q1,0.29558494687080383,0.29577693343162537,0.3281790614128113
S3-q1-0149,3,q1,0.21890321373939514,0.23453204333782196,0.34544339776039124
S3-q1-0150,3,q1,0.25444498658180237,0.25444498658180237,0.3478396534919739
S3-q1-0151,3,q1,0.2561487853527069,0.25614872574806213,0.3428140878677368
S3-q1-0152,3,q1,0.24592284858226776,0.24592287838459015,0.2682911157608032
S3-q1-0153,3,q1,0.11519142240285873,0.11519146710634232,0.17256730794906616
S3-q1-0154,3,q1,0.445223331451416,0.4512808322906494,0.4738921523094177
S3-q1-0155,3,q1,0.38683396577835083,0.40578705072402954,0.5016785860061646
S3-q1-0156,3,q1,0.20156648755073547,0.20156645774841309,0.2388106882572174
S3-q1-0157,3,q1,0.41989704966545105,0.419897198677063,0.43879860639572144
S3-q1-0158,3,q1,0.15281441807746887,0.15281443297863007,0.20621317625045776
S3-q1-0159,3,q1,0.3488669991493225,0.3488670289516449,0.3268062174320221
S3-q1-0160,3,q1,0.1645955741405487,0.16729895770549774,0.1842578500509262
S3-q1-0161,3,q1,0.3100699484348297,0.3100699782371521,0.38417714834213257
S3-q1-0162,3,q1,0.20672406256198883,0.20672418177127838,0.18249687552452087
S3-q1-0163,3,q1,0.1928863674402237,0.19288648664951324,0.2829571068286896
S3-q1-0164,3,q1,0.11638960987329483,0.11638963222503662,0.16004160046577454
S3-q1-0165,3,q1,0.270892858505249,0.2708929181098938,0.3566480875015259
S3-q1-0166,3,q1,0.36187976598739624,0.3618798851966858,0.39927804470062256
S3-q1-0167,3,q1,0.23154711723327637,0.23320941627025604,0.2718687355518341
S3-q1-0168,3,q1,0.21045392751693726,0.21045397222042084,0.2643996477127075
S3-q1-0169,3,q1,0.45751065015792847,0.47433236241340637,0.5371944308280945
S3-q1-0170,3,q1,0.2773275673389435,0.2784923315048218,0.2951667904853821
S3-q1-0171,3,q1,0.19274884462356567,0.19274891912937164,0.28400546312332153
S3-q1-0172,3,q1,0.46665656566619873,0.46665653586387634,0.5404948592185974
S3-q1-0173,3,q1,0.16779117286205292,0.18246132135391235,0.23543524742126465
S3-q1-0174,3,q1,0.16586679220199585,0.1658669412136078,0.2442227005958557
S3-q1-0175,3,q1,0.576678454875946,0.5766785144805908,0.6565216779708862
S3-q1-0176,3,q1,0.21050211787223816,0.22392389178276062,0.2659887671470642
S3-q1-0177,3,q1,0.3030056059360504,0.3030058443546295,0.32280969619750977
S3-q1-0178,3,q1,0.3531898260116577,0.35318976640701294,0.3563860058784485
S3-q1-0179,3,q1,0.19425338506698608,0.19425344467163086,0.2564643323421478
S3-q1-0180,3,q1,0.31500518321990967,0.31500524282455444,0.3482237160205841
S3-q1-0181,3,q1,0.15668998658657074,0.15669004619121552,0.1913890540599823
S3-q1-0182,3,q1,0.17660175263881683,0.18355901539325714,0.2880387008190155
S3-q1-0183,3,q1,0.6052491068840027,0.6052491068840027,0.7125464081764221
S3-q1-0184,3,q1,0.5581134557723999,0.5581134557723999,0.633651614189148
S3-q1-0185,3,q1,0.32445746660232544,0.3244574964046478,0.4013248085975647
S3-q1-0186,3,q1,0.19049961864948273,0.19049957394599915,0.31304359436035156
S3-q1-0187,3,q1,0.3610263466835022,0.3610263764858246,0.4514267146587372
S3-q1-0188,3,q1,0.3192595839500427,0.3192596435546875,0.42521044611930847
S3-q1-0189,3,q1,0.2221803218126297,0.23927731812000275,0.320142924785614
S3-q1-0190,3,q1,0.1520586609840393,0.15205863118171692,0.23355834186077118
S3-q1-0191,3,q1,0.1663263589143753,0.16632632911205292,0.18985141813755035
S3-q1-0192,3,q1,0.3335327208042145,0.3373466730117798,0.411475270986557
S3-q1-0193,3,q1,0.8203094601631165,0.820309579372406,0.8985593914985657
S3-q1-0194,3,q1,0.31849434971809387,0.33781278133392334,0.4271254241466522
S3-q1-0195,3,q1,0.6288440823554993,0.6288442611694336,0.6568672060966492
S3-q1-0196,3,q1,0.18161049485206604,0.181610569357872,0.21453824639320374
S3-q1-0197,3,q1,0.26541364192962646,0.26541364192962646,0.3345429599285126
S3-q1-0198,3,q1,0.31210848689079285,0.31210857629776,0.44967132806777954
S3-q1-0199,3,q1,0.6519780158996582,0.6519781351089478,0.6917025446891785
S3-q1-0200,3,q1,0.35272952914237976,0.352729469537735,0.37605008482933044
S3-q1-0201,3,q1,0.2575168013572693,0.27417227625846863,0.2867582142353058
S3-q1-0202,3,q1,0.28960293531417847,0.29151827096939087,0.3280962109565735
S3-q1-0203,3,q1,0.5294349789619446,0.5294349789619446,0.6408666372299194
S3-q1-0204,3,q1,0.4089822769165039,0.40898221731185913,0.4418430030345917
S3-q1-0205,3,q1,0.21346944570541382,0.21346944570541382,0.25641584396362305
S3-q1-0206,3,q1,0.7652538418769836,0.7652537822723389,0.8922733068466187
S3-q1-0207,3,q1,0.45970839262008667,0.459708571434021,0.5025160908699036
S3-q1-0208,3,q1,0.3242688477039337,0.32426881790161133,0.3681854009628296
S4-q1-0057,4,q1,0.525005042552948,0.5250051021575928,0.5725663900375366
S4-q1-0058,4,q1,0.794497549533844,0.7944974899291992,0.8243721127510071
S4-q1-0059,4,q1,0.5928499698638916,0.592849850654602,0.6588768362998962
S4-q1-0060,4,q1,0.6258864402770996,0.7062488198280334,0.6292622685432434
S4-q1-0061,4,q1,0.4946023225784302,0.5046944618225098,0.5832474827766418
S4-q1-0062,4,q1,0.35719364881515503,0.3895431160926819,0.4428360164165497
S4-q1-0063,4,q1,0.556891679763794,0.5568916201591492,0.5805160999298096
S4-q1-0064,4,q1,0.6483924388885498,0.6483926177024841,0.627669095993042
S4-q1-0065,4,q1,0.515670657157898,0.5156705379486084,0.49907127022743225
S4-q1-0066,4,q1,0.4708208441734314,0.47336864471435547,0.5075488090515137
S4-q1-0067,4,q1,0.4800505042076111,0.4800507128238678,0.5415017604827881
S4-q1-0068,4,q1,0.40599027276039124,0.4093371033668518,0.5129626393318176
S4-q1-0069,4,q1,0.694441556930542,0.6944413781166077,0.7026693820953369
S4-q1-0070,4,q1,0.509954571723938,0.509954571723938,0.5361225605010986
S4-q1-0071,4,q1,0.8379777073860168,0.8410722613334656,0.8639072179794312
S4-q1-0072,4,q1,0.4858522117137909,0.5096855759620667,0.5570996999740601
S4-q1-0073,4,q1,0.8129315972328186,0.8485815525054932,0.8505041003227234
S4-q1-0074,4,q1,0.45750588178634644,0.4892188608646393,0.5355980396270752
S4-q1-0075,4,q1,0.5462966561317444,0.5462967157363892,0.6034115552902222
S4-q1-0076,4,q1,0.7416532039642334,0.7469772696495056,0.7624478936195374
S4-q1-0077,4,q1,0.5404700636863708,0.5687839984893799,0.5811832547187805
S4-q1-0078,4,q1,0.7597833871841431,0.7756134271621704,0.7929139137268066
S4-q1-0079,4,q1,0.6024369597434998,0.6024370193481445,0.6141568422317505
S4-q1-0080,4,q1,0.6252530813217163,0.6252529621124268,0.6401699185371399
S4-q1-0081,4,q1,0.7371991872787476,0.7583752870559692,0.7760122418403625
S4-q1-0082,4,q1,0.6122180223464966,0.6781868934631348,0.6521422266960144
S4-q1-0083,4,q1,0.6101683974266052,0.6305789351463318,0.6535104513168335
S4-q1-0084,4,q1,0.36024218797683716,0.36024218797683716,0.3128357529640198
S4-q1-0085,4,q1,0.6659663319587708,0.665966272354126,0.6697795987129211
S4-q1-0086,4,q1,0.49419665336608887,0.49419665336608887,0.6076905727386475
S4-q1-0087,4,q1,0.48869210481643677,0.48869216442108154,0.5000983476638794
S4-q1-0088,4,q1,0.6582123637199402,0.6781716346740723,0.6299794912338257
S4-q1-0089,4,q1,0.7236138582229614,0.729732096195221,0.7826017737388611
S4-q1-0090,4,q1,0.5086110830307007,0.5086110234260559,0.5152140259742737
S4-q1-0091,4,q1,0.3320683240890503,0.3320682644844055,0.3684282600879669
S4-q1-0092,4,q1,0.5738247632980347,0.5738248825073242,0.6315021514892578
S4-q1-0093,4,q1,0.664226233959198,0.7155996561050415,0.7141600847244263
S4-q1-0094,4,q1,0.32547369599342346,0.3339725434780121,0.3643288016319275
S4-q1-0095,4,q1,0.7074933648109436,0.7139569520950317,0.7465931177139282
S4-q1-0096,4,q1,0.4361470639705658,0.4473402202129364,0.47890016436576843
S4-q1-0097,4,q1,0.6613245010375977,0.6816442012786865,0.7063605189323425
S4-q1-0098,4,q1,0.6149786710739136,0.6169047355651855,0.6571241617202759
S4-q1-0099,4,q1,0.5812259912490845,0.5812259912490845,0.664322555065155
S4-q1-0100,4,q1,0.7434863448143005,0.7497345209121704,0.7422510981559753
S4-q1-0101,4,q1,0.5419436097145081,0.5419435501098633,0.5583187341690063
S4-q1-0102,4,q1,0.72268146276474,0.7429839372634888,0.7728466987609863
S4-q1-0103,4,q1,0.545985996723175,0.545985996723175,0.5746322870254517
S4-q1-0104,4,q1,0.3401029706001282,0.3426094949245453,0.3388233482837677
S4-q1-0105,4,q1,0.522375762462616,0.6234560012817383,0.5585486888885498
S4-q1-0106,4,q1,0.2637310326099396,0.2637311816215515,0.2716623544692993
S4-q1-0107,4,q1,0.267914742231369,0.3071732819080353,0.33481577038764954
S4-q1-0108,4,q1,0.6708353161811829,0.7234858870506287,0.7209562659263611
S4-q2-0109,4,q2,0.23371349275112152,0.23371344804763794,0.29254794120788574
S4-q2-0110,4,q2,0.5765795111656189,0.5765796303749084,0.5460671186447144
S4-q2-0111,4,q2,0.4194694757461548,0.41946941614151,0.4572829604148865
S4-q2-0112,4,q2,0.5895485877990723,0.5951527953147888,0.6499760150909424
S4-q2-0113,4,q2,0.5070596933364868,0.5070598721504211,0.5655652284622192
S4-q2-0114,4,q2,0.6999194622039795,0.6999194025993347,0.6943925619125366
S4-q2-0115,4,q2,0.5345732569694519,0.580308735370636,0.5574668049812317
S4-q2-0116,4,q2,0.6679772138595581,0.6751180291175842,0.6927028894424438
S4-q2-0117,4,q2,0.35643625259399414,0.3564363718032837,0.3982132077217102
S4-q2-0118,4,q2,0.49842339754104614,0.5036170482635498,0.4882229268550873
S4-q2-0119,4,q2,0.73609459400177,0.7360949516296387,0.7507743239402771
S4-q2-0120,4,q2,0.29935842752456665,0.2993584871292114,0.31620365381240845
S4-q2-0121,4,q2,0.5562211275100708,0.5562211871147156,0.5471623539924622
S4-q2-0122,4,q2,0.5682488679885864,0.569153904914856,0.5869343280792236
S4-q2-0123,4,q2,0.6440180540084839,0.6681169271469116,0.6529791951179504
S4-q2-0124,4,q2,0.48297765851020813,0.48297759890556335,0.4770345091819763
S4-q2-0125,4,q2,0.6178633570671082,0.6178635358810425,0.6248117685317993
S4-q2-0126,4,q2,0.36943718791007996,0.4623876214027405,0.37049901485443115
S4-q2-0127,4,q2,0.660142183303833,0.6601423025131226,0.6175647377967834
S4-q2-0128,4,q2,0.6633866429328918,0.663386881351471,0.6837660074234009
S4-q2-0129,4,q2,0.17335878312587738,0.17335882782936096,0.1975095272064209
S4-q2-0130,4,q2,0.6641717553138733,0.6656838059425354,0.6785314679145813
S4-q2-0131,4,q2,0.22225409746170044,0.22225424647331238,0.25400975346565247
S4-q2-0132,4,q2,0.7667942047119141,0.7667940258979797,0.7773226499557495
S4-q2-0133,4,q2,0.7830995917320251,0.7985884547233582,0.8077685236930847
S4-q2-0134,4,q2,0.6585339307785034,0.6963951587677002,0.6796998977661133
S4-q2-0135,4,q2,0.5673815011978149,0.5677068829536438,0.5394822359085083
S4-q2-0136,4,q2,0.48315924406051636,0.4950275421142578,0.48340925574302673
S4-q2-0137,4,q2,0.31404733657836914,0.31906166672706604,0.3512631356716156
S4-q2-0138,4,q2,0.6811311841011047,0.6811313629150391,0.6707121133804321
S4-q2-0139,4,q2,0.5038224458694458,0.5098870396614075,0.5077093243598938
S4-q2-0140,4,q2,0.5909605026245117,0.5909606218338013,0.5964205861091614
S4-q2-0141,4,q2,0.5994977355003357,0.5994979739189148,0.6080609560012817
S4-q2-0142,4,q2,0.5584185719490051,0.5584184527397156,0.5827186107635498
S4-q2-0143,4,q2,0.5279181599617004,0.5279183983802795,0.5513803362846375
S4-q2-0144,4,q2,0.5218485593795776,0.521848738193512,0.5625052452087402
S4-q2-0145,4,q2,0.517851710319519,0.517851710319519,0.5171046853065491
S4-q2-0146,4,q2,0.6724922060966492,0.6724923253059387,0.6779829859733582
S4-q2-0147,4,q2,0.688350260257721,0.6925325393676758,0.6728779077529907
S4-q2-0148,4,q2,0.5445418953895569,0.5445418357849121,0.6413094997406006
S4-q2-0149,4,q2,0.7585704922676086,0.7641258835792542,0.7893015146255493
S4-q2-0150,4,q2,0.7108190655708313,0.7108190655708313,0.6714776158332825
S4-q2-0151,4,q2,0.5549314022064209,0.5549314618110657,0.5486752390861511
S4-q2-0152,4,q2,0.6207776069641113,0.6207775473594666,0.5968807339668274
S4-q2-0153,4,q2,0.7719740271568298,0.7719742655754089,0.7771931290626526
S4-q2-0154,4,q2,0.6476607322692871,0.669657289981842,0.6698349118232727
S4-q2-0155,4,q2,0.51383376121521,0.5415132641792297,0.5262323021888733
S4-q2-0156,4,q2,0.5094427466392517,0.5094428658485413,0.5020761489868164
S4-q2-0157,4,q2,0.6154487729072571,0.6395670771598816,0.6128541827201843
S4-q2-0158,4,q2,0.6345280408859253,0.6345281600952148,0.6188347339630127
S4-q2-0159,4,q2,0.5197457075119019,0.5197455286979675,0.5323469638824463
S4-q2-0160,4,q2,0.6862064599990845,0.6862066388130188,0.6900824904441833
S3-q3-0209,3,q3,0.2493034154176712,0.25232139229774475,0.28422415256500244
S3-q3-0210,3,q3,0.5486960411071777,0.5486960411071777,0.6368342041969299
S3-q3-0211,3,q3,0.5978969931602478,0.597896933555603,0.639708936214447
S3-q3-0212,3,q3,0.38868242502212524,0.38868260383605957,0.39330631494522095
S3-q3-0213,3,q3,0.40323492884635925,0.4032348692417145,0.4557878077030182
S3-q3-0214,3,q3,0.5176246166229248,0.5262539386749268,0.5557153820991516
S3-q3-0215,3,q3,0.5084808468818665,0.5084807872772217,0.4537806510925293
S3-q3-0216,3,q3,0.5635730028152466,0.5635730028152466,0.6251071095466614
S3-q3-0217,3,q3,0.5768208503723145,0.5768210291862488,0.5709963440895081
S3-q3-0218,3,q3,0.47531890869140625,0.4763246178627014,0.5349873900413513
S3-q3-0219,3,q3,0.19572648406028748,0.20518654584884644,0.19583918154239655
S3-q3-0220,3,q3,0.6043933629989624,0.6043933629989624,0.6629781126976013
S3-q3-0221,3,q3,0.18726514279842377,0.19437910616397858,0.2227679342031479
S3-q3-0222,3,q3,0.4068896770477295,0.4068894386291504,0.45122867822647095
S3-q3-0223,3,q3,0.5843997597694397,0.5843998789787292,0.595406174659729
S3-q3-0224,3,q3,0.8339465260505676,0.8339466452598572,0.8493490815162659
S3-q3-0225,3,q3,0.6411771774291992,0.6490478515625,0.6339240074157715
S3-q3-0226,3,q3,0.498920738697052,0.5227981209754944,0.5604372024536133
S3-q3-0227,3,q3,0.6581947803497314,0.6593055129051208,0.7091346979141235
S3-q3-0228,3,q3,0.6540866494178772,0.6540866494178772,0.6871680021286011
S3-q3-0229,3,q3,0.6950409412384033,0.6950409412384033,0.7028620839118958
S3-q3-0230,3,q3,0.6153388619422913,0.6153388619422913,0.6514270901679993
S3-q3-0231,3,q3,0.6200526356697083,0.6200524568557739,0.632956862449646
S3-q3-0232,3,q3,0.3808467388153076,0.3808469772338867,0.4257890284061432
S3-q3-0233,3,q3,0.2814566195011139,0.28145670890808105,0.25195348262786865
S3-q3-0234,3,q3,0.49684786796569824,0.49684786796569824,0.5000024437904358
S3-q3-0235,3,q3,0.5422529578208923,0.5422530174255371,0.5624988079071045
S3-q3-0236,3,q3,0.38283035159111023,0.3828304409980774,0.3858673870563507
S3-q3-0237,3,q3,0.4768431484699249,0.4768430292606354,0.50018709897995
S3-q3-0238,3,q3,0.55964195728302,0.5613663792610168,0.6057244539260864
S3-q3-0239,3,q3,0.5462875962257385,0.5513635277748108,0.6306678056716919
S3-q3-0240,3,q3,0.4264770746231079,0.43373623490333557,0.3796232044696808
S3-q3-0241,3,q3,0.5273014307022095,0.5273013710975647,0.5449926853179932
S3-q3-0242,3,q3,0.4987010359764099,0.4989634156227112,0.48721837997436523
S3-q3-0243,3,q3,0.6404147148132324,0.6404146552085876,0.6607934236526489
S3-q3-0244,3,q3,0.3195248544216156,0.3195248544216156,0.3322959542274475
S3-q3-0245,3,q3,0.7844788432121277,0.7924178838729858,0.8081005215644836
S3-q3-0246,3,q3,0.5517994165420532,0.5517992973327637,0.6120827794075012
S3-q3-0247,3,q3,0.7063342928886414,0.707711935043335,0.7282200455665588
S3-q3-0248,3,q3,0.7663097977638245,0.766309916973114,0.7860947251319885
S3-q3-0249,3,q3,0.8031753897666931,0.8101046681404114,0.8338490724563599
S3-q3-0250,3,q3,0.5352774858474731,0.5352774858474731,0.5661441087722778
S3-q3-0251,3,q3,0.6377325654029846,0.6377325057983398,0.6631135940551758
S3-q3-0252,3,q3,0.2716972529888153,0.27169713377952576,0.2655235826969147
S3-q3-0253,3,q3,0.5212318897247314,0.5212318301200867,0.5565717220306396
S3-q3-0254,3,q3,0.589984118938446,0.589984118938446,0.6240495443344116
S3-q3-0255,3,q3,0.6245338916778564,0.6248987913131714,0.6933196187019348
S3-q3-0256,3,q3,0.512584924697876,0.5455704927444458,0.5429921746253967
S3-q3-0257,3,q3,0.5527335405349731,0.5527334809303284,0.5827316641807556
S3-q3-0258,3,q3,0.5175932049751282,0.5175930857658386,0.5312866568565369
S3-q3-0259,3,q3,0.526343822479248,0.5353726148605347,0.5671485662460327
S3-q3-0260,3,q3,0.45459434390068054,0.4807243347167969,0.47517937421798706
S3-q3-0261,3,q3,0.4396039843559265,0.43960386514663696,0.4919832646846771
S3-q3-0262,3,q3,0.5372874736785889,0.5372874140739441,0.5767050981521606
S3-q3-0263,3,q3,0.5282771587371826,0.5282771587371826,0.4876517057418823
S3-q3-0264,3,q3,0.9148902297019958,0.9148902893066406,0.9319519996643066
S3-q3-0265,3,q3,0.41106218099594116,0.41106197237968445,0.4587516486644745
S3-q3-0266,3,q3,0.5661789774894714,0.5661789774894714,0.5904650092124939
S3-q3-0267,3,q3,0.3454415500164032,0.35324758291244507,0.3758004605770111
S3-q3-0268,3,q3,0.5715881586074829,0.571588397026062,0.5816681981086731
S3-q3-0269,3,q3,0.6117767095565796,0.6117768287658691,0.667681872844696
S3-q3-0270,3,q3,0.5897236466407776,0.589723527431488,0.6090424656867981
S3-q3-0271,3,q3,0.7987635731697083,0.7987635135650635,0.8135561943054199
S3-q3-0272,3,q3,0.611770510673523,0.6117706298828125,0.6293945908546448
S3-q3-0273,3,q3,0.40616244077682495,0.40616244077682495,0.4479234516620636
S3-q3-0274,3,q3,0.67142653465271,0.6714264750480652,0.6882320642471313
S3-q3-0275,3,q3,0.5246245861053467,0.5246246457099915,0.5937673449516296
S3-q3-0276,3,q3,0.31118154525756836,0.3111814856529236,0.34699374437332153
S3-q3-0277,3,q3,0.6516541838645935,0.6516544222831726,0.6996157765388489
S3-q3-0278,3,q3,0.5394716262817383,0.5394718647003174,0.5727601051330566
S3-q3-0279,3,q3,0.5784544944763184,0.5784543752670288,0.6108221411705017
S3-q3-0280,3,q3,0.6766089200973511,0.6766088008880615,0.7070502638816833
S3-q3-0281,3,q3,0.7452620267868042,0.7452622652053833,0.7540134787559509
S3-q3-0282,3,q3,0.5194191336631775,0.5245599746704102,0.5202344655990601
S3-q3-0283,3,q3,0.6259351372718811,0.6261189579963684,0.6495051383972168
S3-q3-0284,3,q3,0.5491896867752075,0.5491896867752075,0.5875149369239807
S3-q3-0285,3,q3,0.524193525314331,0.5241936445236206,0.5544154644012451
S3-q3-0286,3,q3,0.454135537147522,0.4541355073451996,0.4713089168071747
S3-q3-0287,3,q3,0.5703687071800232,0.5826835036277771,0.6266913414001465
S3-q3-0288,3,q3,0.7064844965934753,0.7064844369888306,0.7360565662384033
S3-q3-0289,3,q3,0.6865344047546387,0.6957166790962219,0.7197108268737793
S3-q3-0290,3,q3,0.6040504574775696,0.6040506958961487,0.6199226975440979
S3-q3-0291,3,q3,0.6363520622253418,0.6363519430160522,0.6639272570610046
S3-q3-0292,3,q3,0.5576167106628418,0.5576168298721313,0.5758350491523743
S3-q3-0293,3,q3,0.4293459355831146,0.4307894706726074,0.4665163457393646
S3-q3-0294,3,q3,0.47820812463760376,0.47820815443992615,0.49770665168762207
S3-q3-0295,3,q3,0.4681132733821869,0.46811312437057495,0.43593791127204895
S3-q3-0296,3,q3,0.5237876772880554,0.5237875580787659,0.5762839913368225
S3-q3-0297,3,q3,0.5538864135742188,0.5538865923881531,0.6212775707244873
S3-q3-0298,3,q3,0.6887601017951965,0.6887600421905518,0.703967809677124
S3-q3-0299,3,q3,0.5579612851142883,0.5579611659049988,0.608772873878479
S3-q3-0300,3,q3,0.5694968700408936,0.5694968104362488,0.6004112958908081
S3-q3-0301,3,q3,0.6164318323135376,0.6164316534996033,0.693311870098114
S3-q3-0302,3,q3,0.549142062664032,0.549142062664032,0.5925315022468567
S3-q3-0303,3,q3,0.45391955971717834,0.45391958951950073,0.48707157373428345
S3-q3-0304,3,q3,0.5233862996101379,0.5307121872901917,0.5442613959312439
S3-q3-0305,3,q3,0.5920253396034241,0.6081392765045166,0.6717589497566223
S3-q3-0306,3,q3,0.7277507781982422,0.7277507185935974,0.7118059992790222
S3-q3-0307,3,q3,0.5772622227668762,0.582729160785675,0.655797004699707
S3-q3-0308,3,q3,0.4789676070213318,0.4872284233570099,0.5116562843322754
S3-q3-0309,3,q3,0.49841153621673584,0.4984115660190582,0.49360543489456177
S3-q3-0310,3,q3,0.6614859700202942,0.6614857912063599,0.6741222143173218
S3-q3-0311,3,q3,0.8994095921516418,0.8994097113609314,0.9026238322257996
S3-q3-0312,3,q3,0.5886176824569702,0.588617742061615,0.6156696677207947
S3-q3-0313,3,q3,0.5656383633613586,0.5656384825706482,0.6005921363830566
S2-q2-0115,2,q2,0.18563173711299896,0.18563169240951538,0.15999552607536316
S2-q2-0116,2,q2,0.6719216704368591,0.6981516480445862,0.7074812054634094
S2-q2-0117,2,q2,0.49987345933914185,0.4998735785484314,0.495825856924057
S2-q2-0118,2,q2,0.47956395149230957,0.48251739144325256,0.5506492853164673
S2-q2-0119,2,q2,0.4833676815032959,0.5499842762947083,0.54726243019104
S2-q2-0120,2,q2,0.5507963299751282,0.5507965087890625,0.6328562498092651
S2-q2-0121,2,q2,0.5526995658874512,0.5526998043060303,0.702265202999115
S2-q2-0122,2,q2,0.4095918834209442,0.40959179401397705,0.4468696117401123
S2-q2-0123,2,q2,0.453592449426651,0.4535924196243286,0.5481292009353638
S2-q2-0124,2,q2,0.6074317693710327,0.6420910954475403,0.6059218645095825
S2-q2-0125,2,q2,0.5882688164710999,0.5957682728767395,0.5917167663574219
S2-q2-0126,2,q2,0.38857534527778625,0.39665794372558594,0.5382797718048096
S2-q2-0127,2,q2,0.4749855399131775,0.4749855399131775,0.46658650040626526
S2-q2-0128,2,q2,0.43908560276031494,0.4390856921672821,0.6065157651901245
S2-q2-0129,2,q2,0.3538575768470764,0.3538576662540436,0.3867533504962921
S2-q2-0130,2,q2,0.5220609903335571,0.522061288356781,0.5801013112068176
S2-q2-0131,2,q2,0.7292247414588928,0.7292245030403137,0.7176524996757507
S2-q2-0132,2,q2,0.7064864039421082,0.7064863443374634,0.7295398116111755
S2-q2-0133,2,q2,0.4497523009777069,0.4676816761493683,0.5171326398849487
S2-q2-0134,2,q2,0.5237394571304321,0.5587679147720337,0.6045798063278198
S2-q2-0135,2,q2,0.5750172138214111,0.5750171542167664,0.5974674820899963
S2-q2-0136,2,q2,0.4929358959197998,0.49293607473373413,0.5888592600822449
S2-q2-0137,2,q2,0.5925173163414001,0.5925173759460449,0.6227344870567322
S2-q2-0138,2,q2,0.3480687439441681,0.4277813136577606,0.3970053791999817
S2-q2-0139,2,q2,0.7367342710494995,0.7487990260124207,0.7466285228729248
S2-q2-0140,2,q2,0.5756810307502747,0.5898341536521912,0.6217614412307739
S2-q2-0141,2,q2,0.5847795605659485,0.584779679775238,0.6616276502609253
S2-q2-0142,2,q2,0.43004316091537476,0.4300433397293091,0.540955126285553
S2-q2-0143,2,q2,0.2321566790342331,0.232156902551651,0.21512426435947418
S2-q2-0144,2,q2,0.6874197125434875,0.7023007273674011,0.7119520902633667
S2-q2-0145,2,q2,0.6806012988090515,0.6806015372276306,0.7127392888069153
S2-q2-0146,2,q2,0.6574769616127014,0.6574769616127014,0.6985495686531067
S2-q2-0147,2,q2,0.5364099144935608,0.5487372279167175,0.5845674276351929
S2-q2-0148,2,q2,0.7199547290802002,0.7199546694755554,0.7604584097862244
S2-q2-0149,2,q2,0.44600027799606323,0.47508013248443604,0.4639425277709961
S2-q2-0150,2,q2,0.3671135902404785,0.36711373925209045,0.4615269899368286
S2-q2-0151,2,q2,0.6229473352432251,0.6229473948478699,0.6115109920501709
S2-q2-0152,2,q2,0.19821427762508392,0.1982145607471466,0.12697884440422058
S2-q2-0153,2,q2,0.7507419586181641,0.7507421970367432,0.7586330771446228
S2-q2-0154,2,q2,0.5326247215270996,0.5326247811317444,0.594845175743103
S2-q2-0155,2,q2,0.4836353063583374,0.4928889870643616,0.5925824642181396
S2-q2-0156,2,q2,0.5429860353469849,0.542986273765564,0.6354801058769226
S2-q2-0157,2,q2,0.38439804315567017,0.38439810276031494,0.5009276866912842
S2-q2-0158,2,q2,0.4635719656944275,0.46357205510139465,0.5664051175117493
S2-q2-0159,2,q2,0.6314431428909302,0.6314432621002197,0.6918954849243164
S2-q2-0160,2,q2,0.5973039269447327,0.5973037481307983,0.5944827198982239
S2-q2-0161,2,q2,0.3208771049976349,0.3208770751953125,0.4822881817817688
S2-q2-0162,2,q2,0.3989993631839752,0.44628584384918213,0.4715748727321625
S2-q2-0163,2,q2,0.5384700894355774,0.5388755798339844,0.5955415368080139
S2-q2-0164,2,q2,0.6538724303245544,0.6864041686058044,0.6491919755935669
S2-q2-0165,2,q2,0.8002898693084717,0.8002898693084717,0.8058889508247375
S2-q2-0166,2,q2,0.39838457107543945,0.3983847498893738,0.5934296250343323
S2-q2-0167,2,q2,0.5476254224777222,0.5630831122398376,0.689008891582489
S2-q2-0168,2,q2,0.6007367968559265,0.6174376010894775,0.657341480255127
S2-q2-0169,2,q2,0.753864049911499,0.753864049911499,0.7118008732795715
S2-q2-0170,2,q2,0.3314240276813507,0.33142396807670593,0.44028252363204956
S7-q3-0001,7,q3,0.8725744485855103,0.8725744485855103,0.8994685411453247
S7-q3-0002,7,q3,0.6382194757461548,0.6382195353507996,0.6908791065216064
S7-q3-0003,7,q3,0.743615448474884,0.7505118250846863,0.8007357120513916
S7-q3-0004,7,q3,0.8024916648864746,0.8024916648864746,0.8111068606376648
S7-q3-0005,7,q3,0.3858565092086792,0.3921687602996826,0.46957284212112427
S7-q3-0006,7,q3,0.8863470554351807,0.8895491361618042,0.8875395059585571
S7-q3-0007,7,q3,0.951471209526062,0.951471209526062,0.9458282589912415
S7-q3-0008,7,q3,0.6127709150314331,0.6262575387954712,0.68081134557724
S7-q3-0009,7,q3,0.8818462491035461,0.8826656341552734,0.8919793367385864
S7-q3-0010,7,q3,0.37436631321907043,0.4068584144115448,0.43811988830566406
S7-q3-0011,7,q3,0.8381892442703247,0.8440839052200317,0.8702548146247864
S7-q3-0012,7,q3,0.34819555282592773,0.356708824634552,0.4331372082233429
S7-q3-0013,7,q3,0.7681620717048645,0.7681618928909302,0.8367230892181396
S7-q3-0014,7,q3,0.9423819184303284,0.9423818588256836,0.9371396899223328
S7-q3-0015,7,q3,0.6144352555274963,0.6175112128257751,0.6867462992668152
S7-q3-0016,7,q3,0.29524046182632446,0.2952406108379364,0.39105597138404846
S7-q3-0017,7,q3,0.6348462700843811,0.6351881623268127,0.6741780638694763
S7-q3-0018,7,q3,0.7084453105926514,0.7084451913833618,0.7755627036094666
S7-q3-0019,7,q3,0.884156346321106,0.8841564655303955,0.8803147673606873
S7-q3-0020,7,q3,0.9021388292312622,0.9021387696266174,0.9331037402153015
S7-q3-0021,7,q3,0.8862263560295105,0.8913128972053528,0.9044133424758911
S7-q3-0022,7,q3,0.8708837628364563,0.8708837032318115,0.8926067352294922
S7-q3-0023,7,q3,0.8988149762153625,0.898814857006073,0.9021057486534119
S7-q3-0024,7,q3,0.3008652925491333,0.3008653521537781,0.32041120529174805
S7-q3-0025,7,q3,0.8865135908126831,0.8909078240394592,0.8966229557991028
S7-q3-0026,7,q3,0.8962292671203613,0.8962293267250061,0.9409214854240417
S7-q3-0027,7,q3,0.8910292387008667,0.8910291194915771,0.9099693894386292
S7-q3-0028,7,q3,0.8408002853393555,0.8408003449440002,0.8443102240562439
S7-q3-0029,7,q3,0.8620846271514893,0.8620847463607788,0.8798906207084656
S7-q3-0030,7,q3,0.8055889010429382,0.8055889010429382,0.8550089597702026
S7-q3-0031,7,q3,0.8963974714279175,0.9008833169937134,0.9099843502044678
S7-q3-0032,7,q3,0.9485862851142883,0.9485863447189331,0.943244218826294
S7-q3-0033,7,q3,0.903536319732666,0.9069947600364685,0.9334886074066162
S7-q3-0034,7,q3,0.925993025302887,0.925993025302887,0.9516965746879578
S7-q3-0035,7,q3,0.8941075801849365,0.8941077589988708,0.9035424590110779
S7-q3-0036,7,q3,0.8927585482597351,0.8927584290504456,0.9221173524856567
S7-q3-0037,7,q3,0.8553297519683838,0.8553297519683838,0.8796030282974243
S7-q3-0038,7,q3,0.8822118043899536,0.8895736336708069,0.8995811343193054
S7-q3-0039,7,q3,0.5709108114242554,0.5709108710289001,0.6296976804733276
S7-q3-0040,7,q3,0.9033448696136475,0.9033449292182922,0.9242225885391235
S7-q3-0041,7,q3,0.30491670966148376,0.3201105296611786,0.35064783692359924
S7-q3-0042,7,q3,0.8803250193595886,0.8803247809410095,0.909639835357666
S7-q3-0043,7,q3,0.8227041363716125,0.8242512941360474,0.8746879696846008
S7-q3-0044,7,q3,0.9502241015434265,0.9502256512641907,0.9600101113319397
S7-q3-0045,7,q3,0.17658019065856934,0.19937409460544586,0.23725445568561554
S7-q3-0046,7,q3,0.07946746796369553,0.1273588240146637,0.1340796798467636
S7-q3-0047,7,q3,0.8765254616737366,0.8765252828598022,0.8810092210769653
S7-q3-0048,7,q3,0.8692960739135742,0.8692958950996399,0.8727399110794067
S7-q3-0049,7,q3,0.8471933007240295,0.8474586606025696,0.8880779147148132
S7-q3-0050,7,q3,0.8862175345420837,0.8862175941467285,0.9122417569160461
S7-q3-0051,7,q3,0.8864967226982117,0.8973597288131714,0.907518208026886
S7-q3-0052,7,q3,0.6162822842597961,0.6162822842597961,0.6443851590156555
S7-q3-0053,7,q3,0.8706986904144287,0.8717523813247681,0.917341947555542
S7-q3-0054,7,q3,0.9359838366508484,0.9359838962554932,0.9475698471069336
S7-q3-0055,7,q3,0.8318586349487305,0.8339824676513672,0.8422510623931885
S7-q3-0056,7,q3,0.8829797506332397,0.8870205879211426,0.9005839228630066
S7-q3-0057,7,q3,0.8967861533164978,0.8967860341072083,0.9109501242637634
S7-q3-0058,7,q3,0.7428297996520996,0.7428299188613892,0.7856452465057373
S7-q3-0059,7,q3,0.919717013835907,0.9197171330451965,0.9155358672142029
S7-q3-0060,7,q3,0.22427688539028168,0.22427697479724884,0.24051141738891602
S7-q3-0061,7,q3,0.2779949903488159,0.27799487113952637,0.30967336893081665
S7-q3-0062,7,q3,0.7770137190818787,0.7770137786865234,0.8442851305007935
S7-q3-0063,7,q3,0.9503733515739441,0.9503734111785889,0.9598695635795593
S7-q3-0064,7,q3,0.8181133270263672,0.818113386631012,0.8409736752510071
S7-q3-0065,7,q3,0.2946625351905823,0.2946627140045166,0.3133220076560974
S7-q3-0066,7,q3,0.8935254216194153,0.8935254216194153,0.931084394454956
S7-q3-0067,7,q3,0.198966845870018,0.199462890625,0.25049325823783875
S7-q3-0068,7,q3,0.9529956579208374,0.9607706665992737,0.951956033706665
S7-q3-0069,7,q3,0.5114359259605408,0.5114359259605408,0.523056149482727
S7-q3-0070,7,q3,0.9149985313415527,0.9149984121322632,0.910393476486206
S7-q3-0071,7,q3,0.9678956866264343,0.9678955674171448,0.9693233370780945
S7-q3-0072,7,q3,0.9487712979316711,0.9487712383270264,0.9557340741157532
S7-q3-0073,7,q3,0.8392121195793152,0.8392123579978943,0.8391923904418945
S7-q3-0074,7,q3,0.8729071021080017,0.8729070425033569,0.8902462124824524
S7-q3-0075,7,q3,0.8976054787635803,0.8976054191589355,0.9164713025093079
S7-q3-0076,7,q3,0.900789737701416,0.9007896780967712,0.9349186420440674
S7-q3-0077,7,q3,0.8908869624137878,0.8958303332328796,0.9025705456733704
S7-q3-0078,7,q3,0.66597580909729,0.6695730090141296,0.7209760546684265
S7-q3-0079,7,q3,0.5222752094268799,0.5222752690315247,0.5700761675834656
S7-q3-0080,7,q3,0.9047092795372009,0.9126948714256287,0.9332939982414246
S7-q3-0081,7,q3,0.8594287037849426,0.8594287037849426,0.9144928455352783
S7-q3-0082,7,q3,0.9536516070365906,0.9536515474319458,0.9517819881439209
S7-q3-0083,7,q3,0.8987502455711365,0.8987501263618469,0.9135445952415466
S7-q3-0084,7,q3,0.7963745594024658,0.7963744401931763,0.8631454110145569
S7-q3-0085,7,q3,0.9147336483001709,0.9147336483001709,0.9126190543174744
S7-q3-0086,7,q3,0.5002714991569519,0.5035290718078613,0.5261598229408264
S7-q3-0087,7,q3,0.8416128158569336,0.841612696647644,0.8639955520629883
S7-q3-0088,7,q3,0.7168490886688232,0.7168488502502441,0.7676085829734802
S7-q3-0089,7,q3,0.9156678318977356,0.9156679511070251,0.9504872560501099
S7-q3-0090,7,q3,0.8991146087646484,0.8991146683692932,0.9017957448959351
S7-q3-0091,7,q3,0.9016622304916382,0.9029025435447693,0.9456657767295837
S7-q3-0092,7,q3,0.8921886682510376,0.892188549041748,0.9140792489051819
S7-q3-0093,7,q3,0.8439550995826721,0.8445722460746765,0.8654527068138123
S7-q3-0094,7,q3,0.7985864281654358,0.809864342212677,0.8186728358268738
S7-q3-0095,7,q3,0.8323654532432556,0.8366722464561462,0.8606896996498108
S7-q3-0096,7,q3,0.9150455594062805,0.9150454998016357,0.9139437079429626
S7-q3-0097,7,q3,0.9040123224258423,0.9040123820304871,0.9124323725700378
S7-q3-0098,7,q3,0.9554013013839722,0.9554011821746826,0.9466073513031006
S7-q1-0099,7,q1,0.1641130894422531,0.1641131341457367,0.2372850626707077
S7-q1-0100,7,q1,0.36557069420814514,0.3655707836151123,0.43405282497406006
S7-q1-0101,7,q1,0.35920804738998413,0.4728144705295563,0.4932892322540283
S7-q1-0102,7,q1,0.05891190469264984,0.06228063628077507,0.09789463132619858
S7-q1-0103,7,q1,0.2402505725622177,0.24025066196918488,0.29243168234825134
S7-q1-0104,7,q1,0.3080695569515228,0.35487982630729675,0.36790731549263
S7-q1-0105,7,q1,0.17683613300323486,0.17690744996070862,0.25744953751564026
S7-q1-0106,7,q1,0.23536109924316406,0.23536105453968048,0.32871946692466736
S7-q1-0107,7,q1,0.2481030821800232,0.24810315668582916,0.2819770574569702
S7-q1-0108,7,q1,0.3236721158027649,0.32367217540740967,0.36986443400382996
S7-q1-0109,7,q1,0.3909388780593872,0.39093881845474243,0.4275844693183899
S7-q1-0110,7,q1,0.3227306604385376,0.44485002756118774,0.43325042724609375
S7-q1-0111,7,q1,0.3898749053478241,0.47910359501838684,0.4870526194572449
S7-q1-0112,7,q1,0.34032994508743286,0.46492689847946167,0.5554504990577698
S7-q1-0113,7,q1,0.3060934245586395,0.3448643982410431,0.32662326097488403
S7-q1-0114,7,q1,0.29805928468704224,0.40558069944381714,0.41414153575897217
S7-q1-0115,7,q1,0.4511600434780121,0.5748515129089355,0.5909505486488342
S7-q1-0116,7,q1,0.07776794582605362,0.09522771835327148,0.20580898225307465
S7-q1-0117,7,q1,0.3262840509414673,0.34228137135505676,0.410331130027771
S7-q1-0118,7,q1,0.3082927167415619,0.44018301367759705,0.4515295922756195
S7-q1-0119,7,q1,0.31168410181999207,0.34833452105522156,0.3712259829044342
S7-q1-0120,7,q1,0.3204907476902008,0.3594956398010254,0.3804648816585541
S7-q1-0121,7,q1,0.3108402192592621,0.3739200234413147,0.4134521782398224
S7-q1-0122,7,q1,0.3108908236026764,0.34995773434638977,0.3517518937587738
S7-q1-0123,7,q1,0.41354426741600037,0.46997418999671936,0.548374593257904
S7-q1-0124,7,q1,0.24221113324165344,0.25070127844810486,0.29907679557800293
S7-q1-0125,7,q1,0.3836359977722168,0.42765501141548157,0.49001896381378174
S7-q1-0126,7,q1,0.3852942883968353,0.48495620489120483,0.4887542426586151
S7-q1-0127,7,q1,0.11232320964336395,0.16128267347812653,0.1856832504272461
S7-q1-0128,7,q1,0.2448408454656601,0.24484078586101532,0.3017213046550751
S7-q1-0129,7,q1,0.23934991657733917,0.2859995365142822,0.26734310388565063
S7-q1-0130,7,q1,0.2559799253940582,0.2559799551963806,0.3325466513633728
S7-q1-0131,7,q1,0.027143770828843117,0.06921672075986862,0.09539154917001724
S7-q1-0132,7,q1,0.3604106605052948,0.430980384349823,0.48906248807907104
S7-q1-0133,7,q1,0.4335228502750397,0.49610796570777893,0.5550834536552429
S7-q1-0134,7,q1,0.09656020253896713,0.10768172889947891,0.20406652987003326
S7-q1-0135,7,q1,0.1749047487974167,0.17490467429161072,0.20980572700500488
S7-q1-0136,7,q1,0.1503281146287918,0.1503281444311142,0.22813844680786133
S7-q1-0137,7,q1,0.1342751830816269,0.13427524268627167,0.18630777299404144
S7-q1-0138,7,q1,0.32075875997543335,0.38812607526779175,0.4303279221057892
S7-q1-0139,7,q1,0.12159587442874908,0.19126282632350922,0.2095605581998825
S7-q1-0140,7,q1,0.11886422336101532,0.13164584338665009,0.15948118269443512
S7-q1-0141,7,q1,0.4886947274208069,0.5132162570953369,0.5311840772628784
S7-q1-0142,7,q1,0.3179906904697418,0.4237145185470581,0.4924865961074829
S7-q1-0143,7,q1,0.43895086646080017,0.4958915114402771,0.5280771255493164
S7-q1-0144,7,q1,0.1794082671403885,0.1794082373380661,0.280993789434433
S7-q1-0145,7,q1,0.3793509006500244,0.49743396043777466,0.5148165225982666
S7-q1-0146,7,q1,0.2818073630332947,0.362831175327301,0.3953956663608551
S7-q1-0147,7,q1,0.3210948407649994,0.32109498977661133,0.46957629919052124
S7-q1-0148,7,q1,0.38219037652015686,0.42014896869659424,0.4752044081687927
S7-q1-0149,7,q1,0.1921691745519638,0.2381078004837036,0.2688167095184326
S7-q1-0150,7,q1,0.072950080037117,0.12081430852413177,0.1271674484014511
S7-q1-0151,7,q1,0.40511709451675415,0.44811591506004333,0.5049988627433777
S7-q1-0152,7,q1,0.10481885075569153,0.10481879115104675,0.1829710453748703
S7-q1-0153,7,q1,0.23904162645339966,0.251272976398468,0.36330583691596985
S7-q1-0154,7,q1,0.2764011323451996,0.3561672568321228,0.336703360080719
S7-q1-0155,7,q1,0.40399935841560364,0.43687835335731506,0.5230381488800049
S7-q1-0156,7,q1,-0.06216442584991455,-0.03964938223361969,0.0022383828181773424
S7-q1-0157,7,q1,0.34833645820617676,0.36368492245674133,0.4501648545265198
S7-q1-0158,7,q1,0.21230369806289673,0.24653249979019165,0.2978241443634033
S7-q1-0159,7,q1,0.10481885075569153,0.10481879115104675,0.1829710453748703
S7-q1-0160,7,q1,0.2206289917230606,0.22062897682189941,0.2064887285232544
S7-q1-0161,7,q1,0.3355342745780945,0.399576336145401,0.5010531544685364
S7-q1-0162,7,q1,0.13721615076065063,0.13721619546413422,0.2627304494380951
S7-q1-0163,7,q1,0.36179184913635254,0.48500075936317444,0.52348393201828
S7-q1-0164,7,q1,0.19010494649410248,0.23173509538173676,0.2915819585323334
S7-q1-0165,7,q1,0.3509790897369385,0.42389875650405884,0.42489954829216003
S7-q1-0166,7,q1,0.37465420365333557,0.4375046491622925,0.4749506115913391
S7-q1-0167,7,q1,0.386554479598999,0.38655462861061096,0.4675442576408386
S7-q1-0168,7,q1,0.26320719718933105,0.2792009711265564,0.3275982439517975
S7-q1-0169,7,q1,0.3914588689804077,0.3914589583873749,0.4400530755519867
S7-q1-0170,7,q1,0.39338451623916626,0.4332452118396759,0.48852142691612244
S7-q1-0171,7,q1,0.4689790904521942,0.5058428645133972,0.5395956635475159
S7-q1-0172,7,q1,0.45006561279296875,0.5203882455825806,0.5449298620223999
S7-q1-0173,7,q1,0.14154089987277985,0.2157556563615799,0.18265759944915771
S7-q1-0174,7,q1,0.05435987934470177,0.056063443422317505,0.13539093732833862
S7-q1-0175,7,q1,0.20826689898967743,0.28306281566619873,0.29297253489494324
S7-q1-0176,7,q1,0.03877118602395058,0.054935332387685776,0.10870762914419174
S7-q1-0177,7,q1,0.5098462104797363,0.5770309567451477,0.6374632716178894
S7-q1-0178,7,q1,0.5063276290893555,0.6188953518867493,0.6871306300163269
S7-q1-0179,7,q1,0.4151056408882141,0.43965092301368713,0.5446584224700928
S7-q1-0180,7,q1,0.34086838364601135,0.34086841344833374,0.3400230407714844
S7-q1-0181,7,q1,0.22909124195575714,0.26848652958869934,0.30491316318511963
S7-q1-0182,7,q1,0.4916325807571411,0.572598397731781,0.6187596917152405
S7-q1-0183,7,q1,0.6103535294532776,0.6949716210365295,0.7198343276977539
S7-q1-0184,7,q1,0.3014319837093353,0.3075380325317383,0.41809800267219543
S7-q1-0185,7,q1,0.17888197302818298,0.3057476878166199,0.30656132102012634
S7-q1-0186,7,q1,0.25814110040664673,0.2585691213607788,0.38010162115097046
S7-q1-0187,7,q1,0.4274105131626129,0.4561481475830078,0.5124213099479675
S7-q1-0188,7,q1,0.14642250537872314,0.15794995427131653,0.1955571472644806
S7-q1-0189,7,q1,0.38719040155410767,0.42547908425331116,0.42734813690185547
S7-q1-0190,7,q1,0.44387924671173096,0.5172236561775208,0.5359108448028564
S7-q1-0191,7,q1,0.3781926929950714,0.4710918068885803,0.47099336981773376
S7-q1-0192,7,q1,0.1073300689458847,0.14734405279159546,0.1843697875738144
S7-q1-0193,7,q1,0.19735045731067657,0.22918373346328735,0.3285773694515228
S7-q1-0194,7,q1,0.2460571676492691,0.31466010212898254,0.3479870855808258
S7-q1-0195,7,q1,0.40586110949516296,0.48621541261672974,0.485980749130249
S7-q1-0196,7,q1,0.3791549503803253,0.42418569326400757,0.458402156829834
S7-q1-0197,7,q1,0.5059431195259094,0.6385605335235596,0.6332314610481262
S7-q1-0198,7,q1,0.31764400005340576,0.45419490337371826,0.45485883951187134
S7-q1-0199,7,q1,0.3292959928512573,0.4880448281764984,0.45690223574638367
S7-q1-0200,7,q1,0.155864879488945,0.1558649241924286,0.2041550576686859
S7-q1-0201,7,q1,0.37211108207702637,0.4762347638607025,0.4921233057975769
S7-q1-0202,7,q1,0.4420071840286255,0.5340667366981506,0.5260574221611023
S7-q1-0203,7,q1,0.4143027663230896,0.5104185938835144,0.5278325080871582
S7-q1-0204,7,q1,0.36944684386253357,0.4726640284061432,0.5641787648200989
S7-q1-0205,7,q1,0.25676703453063965,0.2594847083091736,0.3663080334663391
S7-q1-0206,7,q1,0.27648892998695374,0.4183958172798157,0.4127866327762604
S7-q1-0207,7,q1,0.3994165062904358,0.4038698077201843,0.5036811232566833
S7-q1-0208,7,q1,0.6113408207893372,0.6709066033363342,0.6642448306083679
S7-q1-0209,7,q1,0.4891768991947174,0.4891769289970398,0.485772967338562
S7-q1-0210,7,q1,0.45020192861557007,0.48822489380836487,0.5414174795150757
S7-q1-0211,7,q1,0.4994279146194458,0.5332156419754028,0.5669143795967102
S7-q1-0212,7,q1,0.3277782201766968,0.37762346863746643,0.4399435520172119
S7-q1-0213,7,q1,0.41184258460998535,0.5471821427345276,0.5517434477806091
S7-q1-0214,7,q1,0.43819913268089294,0.4802095293998718,0.5407941937446594
S7-q1-0215,7,q1,0.4170685112476349,0.5179982781410217,0.5189722776412964
S7-q1-0216,7,q1,0.3112444281578064,0.393217533826828,0.39340585470199585
S7-q1-0217,7,q1,0.30588942766189575,0.40126001834869385,0.4107469618320465
S7-q1-0218,7,q1,0.39376866817474365,0.46610650420188904,0.4786160886287689
S7-q1-0219,7,q1,0.40799373388290405,0.522710919380188,0.513671338558197
S7-q1-0220,7,q1,0.6284693479537964,0.7356564402580261,0.7094712853431702
S7-q1-0221,7,q1,0.35838931798934937,0.3969435393810272,0.4203328788280487
S7-q1-0222,7,q1,0.2868195176124573,0.3450376093387604,0.34093695878982544
S7-q1-0223,7,q1,0.3291618227958679,0.41008588671684265,0.43519648909568787
S7-q1-0224,7,q1,0.46344101428985596,0.4676240384578705,0.5295349359512329
S7-q1-0225,7,q1,0.4431658983230591,0.551731526851654,0.6119667887687683
S7-q1-0226,7,q1,0.4771725833415985,0.5556958913803101,0.6413861513137817
S7-q1-0227,7,q1,0.3902781903743744,0.48006394505500793,0.49613404273986816
S7-q1-0228,7,q1,0.3996983766555786,0.5067387819290161,0.5303776860237122
S7-q1-0229,7,q1,0.3252718448638916,0.38285261392593384,0.5409497022628784
S7-q1-0230,7,q1,0.5400776267051697,0.5944201946258545,0.5699962377548218
S7-q1-0231,7,q1,0.4372999966144562,0.49532660841941833,0.5355270504951477
S7-q1-0232,7,q1,0.6266860961914062,0.6270220875740051,0.6531007289886475
S7-q1-0233,7,q1,0.39377057552337646,0.46983304619789124,0.473134309053421
S7-q1-0234,7,q1,0.31495246291160583,0.438943088054657,0.45571205019950867
S7-q1-0235,7,q1,0.2892540991306305,0.3323619067668915,0.3498208820819855
S7-q1-0236,7,q1,0.601870596408844,0.6741558909416199,0.7019485831260681
S7-q1-0237,7,q1,0.23563052713871002,0.235630601644516,0.24010199308395386
S7-q1-0238,7,q1,0.38939112424850464,0.389391154050827,0.43802157044410706
S7-q1-0239,7,q1,0.4818350374698639,0.548483669757843,0.5553909540176392
S7-q1-0240,7,q1,0.5161948204040527,0.6149343848228455,0.6167364716529846
S7-q1-0241,7,q1,0.4964502453804016,0.5615318417549133,0.559781014919281
S7-q1-0242,7,q1,0.26585713028907776,0.3789421021938324,0.4340461194515228
S7-q1-0243,7,q1,0.5514139533042908,0.6621437668800354,0.6876088380813599
S7-q1-0244,7,q1,0.34504351019859314,0.4207492172718048,0.44521084427833557
S7-q1-0245,7,q1,0.6213810443878174,0.6623762845993042,0.6562145352363586
S7-q1-0246,7,q1,0.27465349435806274,0.3330700099468231,0.39284053444862366
S7-q1-0247,7,q1,0.4324709177017212,0.4654082655906677,0.5445916652679443
S7-q1-0248,7,q1,0.24578608572483063,0.2457861453294754,0.26217204332351685
S7-q1-0249,7,q1,0.48439061641693115,0.5466302633285522,0.5653923749923706
S7-q1-0250,7,q1,0.23882898688316345,0.2505737245082855,0.2573562264442444
S7-q1-0251,7,q1,0.34666886925697327,0.4633030295372009,0.5329840183258057
S7-q1-0252,7,q1,0.37587982416152954,0.4512149691581726,0.48681870102882385
S7-q1-0253,7,q1,0.43193691968917847,0.5230152010917664,0.4953174293041229
S7-q1-0254,7,q1,0.45079806447029114,0.5443868041038513,0.5480567216873169
S7-q1-0255,7,q1,0.15856775641441345,0.26217207312583923,0.2453274428844452
S7-q1-0256,7,q1,0.2994139492511749,0.37678590416908264,0.37489309906959534
S7-q1-0257,7,q1,0.4248107969760895,0.5336847901344299,0.5409978032112122
S7-q1-0258,7,q1,0.28918811678886414,0.3555700182914734,0.5153905749320984
S7-q1-0259,7,q1,0.6154378056526184,0.6724940538406372,0.7112801671028137
S7-q1-0260,7,q1,0.6304143071174622,0.6995565891265869,0.7069803476333618
S7-q1-0261,7,q1,0.4194832742214203,0.4810023605823517,0.5151529908180237
S7-q1-0262,7,q1,0.4793413579463959,0.5339488387107849,0.5387470722198486
S7-q1-0263,7,q1,0.12573572993278503,0.13372217118740082,0.19423581659793854
S7-q1-0264,7,q1,0.4396160840988159,0.5388584136962891,0.5611709356307983
S7-q1-0265,7,q1,0.4771202802658081,0.6048356294631958,0.5972791314125061
S7-q1-0266,7,q1,0.6248401403427124,0.7403401136398315,0.7011587619781494
S7-q1-0267,7,q1,0.61350417137146,0.6900802254676819,0.6870874762535095
S7-q1-0268,7,q1,0.2503322660923004,0.3340873420238495,0.41744285821914673
S7-q1-0269,7,q1,0.6592780947685242,0.7142102122306824,0.7075358033180237
S7-q1-0270,7,q1,0.42982304096221924,0.4825257956981659,0.4649959206581116
S7-q1-0271,7,q1,0.6025179028511047,0.6620306372642517,0.6890869140625
S7-q1-0272,7,q1,0.45895272493362427,0.5539511442184448,0.5916998386383057
S7-q1-0273,7,q1,0.6139660477638245,0.7337374687194824,0.7158913612365723
S7-q1-0274,7,q1,0.4643115699291229,0.5919148921966553,0.5905476808547974
S7-q1-0275,7,q1,0.6113353371620178,0.7193370461463928,0.6978844404220581
S7-q2-0276,7,q2,0.39290815591812134,0.3929080665111542,0.4428803026676178
S7-q2-0277,7,q2,0.5010911226272583,0.501090943813324,0.5213454365730286
S7-q2-0278,7,q2,0.41423285007476807,0.41423290967941284,0.39113542437553406
S7-q2-0279,7,q2,0.25262877345085144,0.2526286840438843,0.3472574055194855
S7-q2-0280,7,q2,0.39243078231811523,0.3924309015274048,0.39589789509773254
S7-q2-0281,7,q2,0.48849016427993774,0.48849016427993774,0.4675765633583069
S7-q2-0282,7,q2,0.497947096824646,0.49794691801071167,0.4615202844142914
S7-q2-0283,7,q2,0.2150871455669403,0.2150871455669403,0.19755686819553375
S7-q2-0284,7,q2,0.3684808313846588,0.3684808313846588,0.41093167662620544
S7-q2-0285,7,q2,0.2523866593837738,0.25238659977912903,0.21986931562423706
S7-q2-0286,7,q2,0.41447708010673523,0.4144769012928009,0.4240799844264984
S7-q2-0287,7,q2,0.35104483366012573,0.35104477405548096,0.3482019901275635
S7-q2-0288,7,q2,0.3777185082435608,0.37771841883659363,0.3825242221355438
S7-q2-0289,7,q2,0.49623963236808777,0.49623972177505493,0.4967588782310486
S7-q2-0290,7,q2,0.32808440923690796,0.32808464765548706,0.34037867188453674
S7-q2-0291,7,q2,0.3348369300365448,0.33483684062957764,0.3889921307563782
S7-q2-0292,7,q2,0.32741454243659973,0.32741451263427734,0.3064035475254059
S7-q2-0293,7,q2,0.34206801652908325,0.34206801652908325,0.4095090329647064
S7-q2-0294,7,q2,0.43938639760017395,0.4393862783908844,0.46392056345939636
S7-q2-0295,7,q2,0.3805394768714905,0.3805393874645233,0.3927707374095917
S7-q2-0296,7,q2,0.5224039554595947,0.5224038362503052,0.5046945810317993
S7-q2-0297,7,q2,0.1653742641210556,0.165374293923378,0.22953970730304718
S7-q2-0298,7,q2,0.23974020779132843,0.2397400438785553,0.2701767683029175
S7-q2-0299,7,q2,0.13377957046031952,0.13615910708904266,0.17715585231781006
S7-q2-0300,7,q2,0.46183380484580994,0.46183374524116516,0.49746567010879517
S7-q2-0301,7,q2,0.502876341342926,0.5028762817382812,0.5403926968574524
S7-q2-0302,7,q2,0.4137301445007324,0.4137299954891205,0.4278777837753296
S7-q2-0303,7,q2,0.46734291315078735,0.4673427939414978,0.4784345030784607
S7-q2-0304,7,q2,0.41363978385925293,0.4136399030685425,0.4241926968097687
S7-q2-0305,7,q2,0.4643886983394623,0.4643884003162384,0.5014862418174744
S7-q2-0306,7,q2,0.44996607303619385,0.4499659538269043,0.4609149694442749
S7-q2-0307,7,q2,0.5674605965614319,0.5674607157707214,0.5429172515869141
S7-q2-0308,7,q2,0.432015985250473,0.4320160448551178,0.4208545684814453
S7-q2-0309,7,q2,0.4456281363964081,0.4456281065940857,0.46916574239730835
S7-q2-0310,7,q2,0.47111776471138,0.47111767530441284,0.5101966261863708
S7-q2-0311,7,q2,0.47536513209342957,0.47536519169807434,0.49414679408073425
S7-q2-0312,7,q2,0.5151541829109192,0.5151540637016296,0.49562564492225647
S7-q2-0313,7,q2,0.5095906257629395,0.5095905661582947,0.5470350980758667
S7-q2-0314,7,q2,0.44791507720947266,0.4479151964187622,0.4733695685863495
S7-q2-0315,7,q2,0.4242384433746338,0.4242383539676666,0.4471527934074402
S7-q2-0316,7,q2,0.4906283915042877,0.4906284213066101,0.4873225688934326
S7-q2-0317,7,q2,0.47876763343811035,0.478767454624176,0.459407240152359
S7-q2-0318,7,q2,0.49398937821388245,0.49398931860923767,0.520035445690155
S7-q2-0319,7,q2,0.515380859375,0.5153807401657104,0.5147290825843811
S7-q2-0320,7,q2,0.49939149618148804,0.4993913769721985,0.4802880883216858
S7-q2-0321,7,q2,0.29163557291030884,0.291635662317276,0.392679363489151
S7-q2-0322,7,q2,0.452410489320755,0.4524104595184326,0.4892229735851288
S7-q2-0323,7,q2,0.44120967388153076,0.44120967388153076,0.3346036672592163
S7-q2-0324,7,q2,0.3133796453475952,0.31337952613830566,0.3454724848270416
S7-q2-0325,7,q2,0.4611450731754303,0.4611451029777527,0.5111725926399231
S7-q2-0326,7,q2,0.4155925512313843,0.415592759847641,0.46869081258773804
S7-q2-0327,7,q2,0.46349987387657166,0.4634997546672821,0.5249468684196472
S7-q2-0328,7,q2,0.5175453424453735,0.5175452828407288,0.5722423195838928
S7-q2-0329,7,q2,0.4709676206111908,0.47096771001815796,0.49330371618270874
S7-q2-0330,7,q2,0.3539474606513977,0.35394757986068726,0.349882572889328
S7-q2-0331,7,q2,0.6872538328170776,0.6872539520263672,0.7078891396522522
S7-q2-0332,7,q2,0.5384299159049988,0.5384300351142883,0.5258497595787048
S7-q2-0333,7,q2,0.26587390899658203,0.27993130683898926,0.30985793471336365
S7-q2-0334,7,q2,0.4508604407310486,0.4508604109287262,0.4910270869731903
S7-q2-0335,7,q2,0.27037563920021057,0.27037566900253296,0.29271039366722107
S7-q2-0336,7,q2,0.4425051808357239,0.4425051510334015,0.5038416981697083
S7-q2-0337,7,q2,0.33603647351264954,0.3360365033149719,0.3829430937767029
S7-q2-0338,7,q2,0.3999762237071991,0.39997631311416626,0.3643440008163452
S7-q2-0339,7,q2,0.6272751092910767,0.6272751092910767,0.6313059329986572
S7-q2-0340,7,q2,0.23963448405265808,0.23963452875614166,0.3062327206134796
S7-q2-0341,7,q2,0.535021960735321,0.5350218415260315,0.6075090765953064
S7-q2-0342,7,q2,0.3577743470668793,0.3577743172645569,0.3655247092247009
S7-q2-0343,7,q2,0.4418460726737976,0.4418458640575409,0.4131903350353241
S7-q2-0344,7,q2,0.3086264729499817,0.30862632393836975,0.440970778465271
S7-q2-0345,7,q2,0.6989006400108337,0.6989005208015442,0.6909284591674805
S7-q2-0346,7,q2,0.055216412991285324,0.08649609982967377,0.10458442568778992
S7-q2-0347,7,q2,0.3629029095172882,0.36290279030799866,0.4323911964893341
S7-q2-0348,7,q2,0.23671488463878632,0.23671486973762512,0.29926320910453796
S7-q2-0349,7,q2,0.5615012049674988,0.5615012049674988,0.5106143951416016
S7-q2-0350,7,q2,0.6288687586784363,0.6288687586784363,0.5788557529449463
S7-q2-0351,7,q2,0.39445221424102783,0.39445212483406067,0.4301605224609375
S7-q2-0352,7,q2,0.6427441239356995,0.6427440643310547,0.7021323442459106
S7-q2-0353,7,q2,0.4349861145019531,0.43498608469963074,0.453071653842926
S7-q2-0354,7,q2,0.21642625331878662,0.2164263278245926,0.23711839318275452
S7-q2-0355,7,q2,0.3973793685436249,0.3973793387413025,0.4583339989185333
S7-q2-0356,7,q2,0.515131413936615,0.5151314735412598,0.6140508055686951
S7-q2-0357,7,q2,0.5618734955787659,0.561873197555542,0.610211968421936
S7-q2-0358,7,q2,0.6047947406768799,0.6047948598861694,0.6025135517120361
S7-q2-0359,7,q2,0.26720407605171204,0.2672041356563568,0.32382237911224365
S7-q2-0360,7,q2,0.6049944162368774,0.6049942970275879,0.635725200176239
S7-q2-0361,7,q2,0.1861649751663208,0.18616507947444916,0.2169063240289688
S7-q2-0362,7,q2,0.4788615107536316,0.4788614511489868,0.5324851274490356
S7-q2-0363,7,q2,0.5355934500694275,0.5355934500694275,0.525489866733551
S7-q2-0364,7,q2,0.16361106932163239,0.16361083090305328,0.1496758908033371
S7-q2-0365,7,q2,0.5342144966125488,0.5342145562171936,0.5185434818267822
S7-q2-0366,7,q2,0.5397171974182129,0.5397170186042786,0.558840811252594
S7-q2-0367,7,q2,0.31610244512557983,0.3161022663116455,0.34640195965766907
S7-q2-0368,7,q2,0.5698445439338684,0.5698445439338684,0.6025150418281555
S7-q2-0369,7,q2,0.32218658924102783,0.32218673825263977,0.3908948004245758
S7-q2-0370,7,q2,0.5942100882530212,0.5942100286483765,0.6205689311027527
S7-q2-0371,7,q2,0.4759034514427185,0.4759035110473633,0.49542367458343506
S7-q2-0372,7,q2,0.5990505218505859,0.5990504622459412,0.6215785145759583
S7-q2-0373,7,q2,0.5872800350189209,0.5872800350189209,0.6243374943733215
S7-q2-0374,7,q2,0.5755258798599243,0.5755258798599243,0.540183961391449
S7-q2-0375,7,q2,0.3335632383823395,0.33356335759162903,0.32750561833381653
S7-q2-0376,7,q2,0.42630141973495483,0.4263014495372772,0.4290630519390106
S7-q2-0377,7,q2,0.42630141973495483,0.4263014495372772,0.4290630519390106
S7-q2-0378,7,q2,0.30398237705230713,0.30398255586624146,0.2719056308269501
S7-q2-0379,7,q2,0.07471286505460739,0.0747128501534462,0.08651578426361084
S7-q2-0380,7,q2,0.09268541634082794,0.09268537908792496,0.12331099063158035
S7-q2-0381,7,q2,0.1155795082449913,0.11557965725660324,0.18751272559165955
S7-q2-0382,7,q2,0.15482072532176971,0.15482071042060852,0.17579080164432526
S7-q2-0383,7,q2,0.17213428020477295,0.17213422060012817,0.2181769758462906
S7-q2-0384,7,q2,0.2895774245262146,0.28957757353782654,0.3126992881298065
S7-q2-0385,7,q2,0.5314187407493591,0.5314188599586487,0.5100629329681396
S7-q2-0386,7,q2,0.2373308539390564,0.23733097314834595,0.2912030816078186
S7-q2-0387,7,q2,0.4123854637145996,0.4123855531215668,0.4104139804840088
S7-q2-0388,7,q2,0.3753742277622223,0.3753741681575775,0.3614157438278198
S7-q2-0389,7,q2,0.2730293273925781,0.27302929759025574,0.3655144274234772
S7-q2-0390,7,q2,0.3778476417064667,0.3778477907180786,0.4435047209262848
S7-q2-0391,7,q2,0.47908544540405273,0.4790855050086975,0.5039111971855164
S7-q2-0392,7,q2,0.12065108865499496,0.1403602510690689,0.1344994753599167
S7-q2-0393,7,q2,0.18199290335178375,0.18199294805526733,0.23084808886051178
S7-q2-0394,7,q2,0.24527175724506378,0.24527166783809662,0.2791409194469452
S7-q2-0395,7,q2,0.2730264365673065,0.2730262577533722,0.29829588532447815
S7-q2-0396,7,q2,0.3371611535549164,0.3371610641479492,0.3468208909034729
S7-q2-0397,7,q2,0.3444455564022064,0.3444453775882721,0.36646386981010437
S7-q2-0398,7,q2,0.5024210810661316,0.5024210810661316,0.43913188576698303
S7-q2-0399,7,q2,0.40626537799835205,0.40626561641693115,0.3805885910987854
S7-q2-0400,7,q2,0.13286466896533966,0.1542474776506424,0.1804705262184143
S7-q2-0401,7,q2,0.3323720693588257,0.3323719799518585,0.28111159801483154
S7-q2-0402,7,q2,0.1152612641453743,0.11526127904653549,0.19230416417121887
S7-q2-0403,7,q2,0.27438563108444214,0.27438557147979736,0.3235148787498474
S7-q2-0404,7,q2,0.23040235042572021,0.25901710987091064,0.2748939096927643
S7-q2-0405,7,q2,0.5143432021141052,0.5143431425094604,0.5083635449409485
S7-q2-0406,7,q2,0.5186581015586853,0.5186581611633301,0.5336167216300964
S7-q2-0407,7,q2,0.36958619952201843,0.36958619952201843,0.3797529935836792
S7-q2-0408,7,q2,0.18546922504901886,0.18546931445598602,0.17122966051101685
S7-q2-0409,7,q2,0.29736414551734924,0.29736417531967163,0.25799521803855896
S7-q2-0410,7,q2,0.228989377617836,0.2838427424430847,0.23527751863002777
S7-q2-0411,7,q2,0.4047779440879822,0.40477797389030457,0.42997321486473083
S7-q2-0412,7,q2,0.3091849386692047,0.30971622467041016,0.3520281910896301
S7-q2-0413,7,q2,0.12725280225276947,0.1364099681377411,0.18737861514091492
S7-q2-0414,7,q2,0.4214174449443817,0.4214174449443817,0.42602089047431946
S7-q2-0415,7,q2,0.38207677006721497,0.3820768892765045,0.3946606516838074
S7-q2-0416,7,q2,0.5112406015396118,0.5112407207489014,0.5445447564125061
S7-q2-0417,7,q2,0.23582249879837036,0.2358224093914032,0.19019366800785065
S7-q2-0418,7,q2,0.4537332057952881,0.45373332500457764,0.5370582938194275
S7-q2-0419,7,q2,0.23537954688072205,0.23876303434371948,0.25392356514930725
S7-q2-0420,7,q2,0.30773332715034485,0.3353792428970337,0.3333783447742462
S7-q2-0421,7,q2,0.4495260417461395,0.44952601194381714,0.5752062797546387
S7-q2-0422,7,q2,0.4197686016559601,0.41976863145828247,0.4039551615715027
S7-q2-0423,7,q2,0.15199518203735352,0.15199537575244904,0.2690494954586029
S7-q2-0424,7,q2,0.5110338926315308,0.5110338926315308,0.6150354743003845
S7-q2-0425,7,q2,0.14963708817958832,0.14963695406913757,0.1282469928264618
S7-q2-0426,7,q2,0.2921575903892517,0.2921576201915741,0.18624506890773773
S7-q2-0427,7,q2,0.14963707327842712,0.14963695406913757,0.1282469928264618
S7-q2-0428,7,q2,0.482930064201355,0.48293012380599976,0.47932732105255127
S7-q2-0429,7,q2,0.13519372045993805,0.13519373536109924,0.1034746915102005
S7-q2-0430,7,q2,0.516943633556366,0.5169438123703003,0.5252599716186523
S7-q2-0431,7,q2,0.0957297682762146,0.09572972357273102,0.06638055294752121
S7-q2-0432,7,q2,0.14872035384178162,0.14872033894062042,0.25261223316192627
S7-q2-0433,7,q2,0.33388808369636536,0.3338882029056549,0.26767563819885254
S7-q2-0434,7,q2,0.5440574884414673,0.5440574288368225,0.6564688682556152
S7-q2-0435,7,q2,0.0691741406917572,0.08469107747077942,0.21252374351024628
S7-q2-0436,7,q2,0.45657309889793396,0.45657312870025635,0.45498019456863403
S7-q2-0437,7,q2,0.29285144805908203,0.3321724832057953,0.324094295501709
S7-q2-0438,7,q2,0.5005976557731628,0.5005976557731628,0.5147256255149841
S7-q2-0439,7,q2,0.39662685990333557,0.3966268301010132,0.44887420535087585
S7-q2-0440,7,q2,0.515299916267395,0.515299916267395,0.45667973160743713
S7-q2-0441,7,q2,0.3673531711101532,0.3673531115055084,0.41849684715270996
S7-q2-0442,7,q2,0.38439103960990906,0.4308425486087799,0.5320762395858765
S7-q2-0443,7,q2,0.456209272146225,0.456209272146225,0.6014552712440491
S7-q2-0444,7,q2,0.6196776628494263,0.6652395725250244,0.6227048635482788
S7-q2-0445,7,q2,0.5168781876564026,0.5168781876564026,0.5577964186668396
S7-q2-0446,7,q2,0.028924081474542618,0.028923925012350082,0.021980170160531998
S7-q2-0447,7,q2,0.07529281079769135,0.08497951924800873,0.17494723200798035
S7-q2-0448,7,q2,0.22713594138622284,0.22713594138622284,0.2041827291250229
S7-q2-0449,7,q2,0.45151883363723755,0.45151880383491516,0.4681691527366638
S7-q3-0450,7,q3,0.6717586517333984,0.682388961315155,0.734370768070221
S7-q3-0451,7,q3,0.2274717539548874,0.2560228705406189,0.2793494164943695
S7-q3-0452,7,q3,0.5086846947669983,0.5086845755577087,0.506648600101471
S7-q3-0453,7,q3,-0.04844430834054947,-0.04463009163737297,-0.025876563042402267
S7-q3-0454,7,q3,0.0016020199982449412,0.012487281113862991,0.03499988466501236
S7-q3-0455,7,q3,0.01512901857495308,0.03301624581217766,0.02523753046989441
S7-q3-0456,7,q3,0.10481907427310944,0.10481898486614227,0.1716894656419754
S7-q3-0457,7,q3,0.42970848083496094,0.4692728817462921,0.4933762550354004
S7-q3-0458,7,q3,0.32392629981040955,0.3397720158100128,0.3573101758956909
S7-q3-0459,7,q3,0.16344839334487915,0.17337995767593384,0.23927299678325653
S7-q3-0460,7,q3,0.3051663339138031,0.30516642332077026,0.3348918855190277
S7-q3-0461,7,q3,0.9627918004989624,0.9627918004989624,0.9670756459236145
S7-q3-0462,7,q3,0.1655636578798294,0.2204732596874237,0.1988670378923416
S7-q3-0463,7,q3,0.21885783970355988,0.2542722523212433,0.24902230501174927
S7-q3-0464,7,q3,0.43812990188598633,0.44121110439300537,0.4950558841228485
S7-q3-0465,7,q3,0.07260135561227798,0.0726013332605362,0.1358862966299057
S7-q3-0466,7,q3,-0.018100596964359283,-0.018100611865520477,0.013148641213774681
S7-q3-0467,7,q3,0.153140589594841,0.15314054489135742,0.16766811907291412
S7-q3-0468,7,q3,0.4934360682964325,0.5253087878227234,0.5644420385360718
S7-q3-0469,7,q3,0.21004652976989746,0.22702579200267792,0.2934779226779938
S7-q3-0470,7,q3,0.15010970830917358,0.15878324210643768,0.20042763650417328
S7-q3-0471,7,q3,0.27414149045944214,0.3084566593170166,0.33013275265693665
S7-q3-0472,7,q3,0.3358633518218994,0.3422471284866333,0.36981791257858276
S7-q3-0473,7,q3,0.06289643794298172,0.06289643794298172,0.09309158474206924
S7-q3-0474,7,q3,0.05132833495736122,0.060926273465156555,0.07045794278383255
S7-q3-0475,7,q3,0.7192915678024292,0.719291627407074,0.7844955921173096
S7-q3-0476,7,q3,0.3284692168235779,0.34273001551628113,0.3844723701477051
S7-q3-0477,7,q3,0.24530458450317383,0.24530470371246338,0.24207237362861633
S7-q3-0478,7,q3,0.23352736234664917,0.25710389018058777,0.29127269983291626
S7-q3-0479,7,q3,0.21959266066551208,0.2578667402267456,0.28315460681915283
S7-q3-0480,7,q3,0.5182456970214844,0.5182456970214844,0.5791499614715576
S7-q3-0481,7,q3,0.0324055440723896,0.03240566700696945,0.05295255780220032
S7-q3-0482,7,q3,0.06165298819541931,0.09236104041337967,0.11861205846071243
S7-q3-0483,7,q3,0.8548502922058105,0.8566007614135742,0.861611008644104
S7-q3-0484,7,q3,0.06782689690589905,0.0698641985654831,0.10715328902006149
S7-q3-0485,7,q3,0.2261866182088852,0.22618655860424042,0.2263193279504776
S7-q3-0486,7,q3,0.2706878185272217,0.2874087989330292,0.3288959562778473
S7-q3-0487,7,q3,0.030420150607824326,0.036005545407533646,0.07083278894424438
S7-q3-0488,7,q3,0.48721814155578613,0.4878620505332947,0.5288567543029785
S7-q3-0489,7,q3,0.03347626328468323,0.0334763266146183,0.020204566419124603
S7-q3-0490,7,q3,0.45026201009750366,0.45026206970214844,0.5330921411514282
S7-q3-0491,7,q3,0.18304544687271118,0.18304553627967834,0.22931481897830963
S7-q3-0492,7,q3,0.4114173650741577,0.4143514335155487,0.40745195746421814
S7-q3-0493,7,q3,0.32596492767333984,0.34538447856903076,0.3648192882537842
S7-q3-0494,7,q3,0.7257305383682251,0.7257305383682251,0.7799968123435974
S7-q3-0495,7,q3,0.1832282692193985,0.1832282692193985,0.1903115063905716
S7-q3-0496,7,q3,0.25399643182754517,0.2682357728481293,0.29304277896881104
S7-q3-0497,7,q3,-0.02521432749927044,-0.025214217603206635,0.03137633576989174
S7-q3-0498,7,q3,0.6416165828704834,0.6416165828704834,0.6937268972396851
S7-q3-0499,7,q3,0.321116179227829,0.3688797056674957,0.3893153965473175
S7-q3-0500,7,q3,0.24954332411289215,0.26354923844337463,0.2903083562850952
S7-q3-0501,7,q3,0.027047738432884216,0.02704779803752899,0.061371736228466034
S7-q3-0502,7,q3,0.2509545385837555,0.2742488384246826,0.29810836911201477
S7-q3-0503,7,q3,-0.002759274560958147,-0.0027591772377490997,0.033082395792007446
S7-q3-0504,7,q3,0.1888248473405838,0.19637079536914825,0.2512708008289337
S7-q3-0505,7,q3,-0.06781447678804398,-0.06781452894210815,-0.05260758101940155
S7-q3-0506,7,q3,0.33749932050704956,0.3580285906791687,0.3788752257823944
S7-q3-0507,7,q3,-0.017520161345601082,0.01525991503149271,0.02277662791311741
S7-q3-0508,7,q3,0.2471127063035965,0.2728414237499237,0.2877691090106964
S7-q3-0509,7,q3,0.012277795001864433,0.02483026310801506,0.0626286119222641
S7-q3-0510,7,q3,0.8770865201950073,0.8770864605903625,0.8815320730209351
S7-q3-0511,7,q3,0.08826218545436859,0.10642332583665848,0.13682764768600464
S7-q3-0512,7,q3,0.30779504776000977,0.33150845766067505,0.382615864276886
S7-q3-0513,7,q3,0.15347839891910553,0.1534784436225891,0.1876954436302185
S7-q3-0514,7,q3,0.10558247566223145,0.11949149519205093,0.1884760856628418
S7-q3-0515,7,q3,0.822580099105835,0.8380246162414551,0.8591773509979248
S7-q3-0516,7,q3,0.10473255813121796,0.10473258793354034,0.16774168610572815
S7-q3-0517,7,q3,0.2533431947231293,0.28361383080482483,0.2932853102684021
S7-q3-0518,7,q3,0.11881815642118454,0.11881817877292633,0.14870285987854004
S7-q3-0519,7,q3,0.17635029554367065,0.17635023593902588,0.2284994125366211
S7-q3-0520,7,q3,0.10235292464494705,0.1023528203368187,0.1818249225616455
S7-q3-0521,7,q3,0.3038756847381592,0.3045043647289276,0.3223932683467865
S6-B7-0001,6,B7,0.5440524220466614,0.544052243232727,0.6392442584037781
S6-DS_C12-0002,6,DS_C12,0.41189226508140564,0.4118923246860504,0.45821306109428406
S6-PP_C12-0003,6,PP_C12,0.37010782957077026,0.3701077401638031,0.364004909992218
S6-PM_C12-0004,6,PM_C12,0.5016323924064636,0.5016323924064636,0.560806393623352
S6-DS_C13-0005,6,DS_C13,0.4851230978965759,0.4851231575012207,0.5133966207504272
S6-PP_C13-0006,6,PP_C13,0.3741909861564636,0.3741910457611084,0.4455658197402954
S6-PM_C13-0007,6,PM_C13,0.5828790068626404,0.5828791260719299,0.5222263932228088
S6-D1-0008,6,D1,0.48550185561180115,0.48550182580947876,0.4611162543296814
S6-D2-0009,6,D2,0.4987128973007202,0.4987129271030426,0.5898839235305786
S6-D3-0010,6,D3,0.307559996843338,0.307559996843338,0.29076629877090454
S6-D4-0011,6,D4,0.2358420044183731,0.23584194481372833,0.3104954659938812
S6-B7-0012,6,B7,0.5524961352348328,0.5524958968162537,0.603904128074646
S6-DS_C12-0013,6,DS_C12,0.5983860492706299,0.5983859896659851,0.6199061870574951
S6-PP_C12-0014,6,PP_C12,0.47332125902175903,0.4733212888240814,0.5097548961639404
S6-PM_C12-0015,6,PM_C12,0.2063823938369751,0.2063824087381363,0.33366313576698303
S6-DS_C13-0016,6,DS_C13,0.6799603700637817,0.6799603700637817,0.660446047782898
S6-PP_C13-0017,6,PP_C13,0.4409874379634857,0.44098758697509766,0.48698481917381287
S6-PM_C13-0018,6,PM_C13,0.627816379070282,0.6278163194656372,0.6509953141212463
S6-D1-0019,6,D1,0.5999414920806885,0.599941611289978,0.6401313543319702
S6-D2-0020,6,D2,0.5542981028556824,0.5542981028556824,0.5588821768760681
S6-D3-0021,6,D3,0.6152690649032593,0.6152690052986145,0.6548901200294495
S6-D4-0022,6,D4,0.7233299612998962,0.7233297824859619,0.6243050694465637
S6-B7-0023,6,B7,0.7395063638687134,0.7395065426826477,0.7524569034576416
S6-DS_C12-0024,6,DS_C12,0.4610491693019867,0.46104928851127625,0.6030434370040894
S6-PP_C12-0025,6,PP_C12,0.38879120349884033,0.3887910842895508,0.48232460021972656
S6-PM_C12-0026,6,PM_C12,0.6477532982826233,0.6477531790733337,0.7101185917854309
S6-DS_C13-0027,6,DS_C13,0.6484295725822449,0.6484295129776001,0.6181507110595703
S6-PP_C13-0028,6,PP_C13,0.42887574434280396,0.42887571454048157,0.5167224407196045
S6-PM_C13-0029,6,PM_C13,0.5234416723251343,0.5234418511390686,0.5392662882804871
S6-D1-0030,6,D1,0.5067576766014099,0.5067576169967651,0.5871434211730957
S6-D2-0031,6,D2,0.36008772253990173,0.3600878119468689,0.4082699716091156
S6-D3-0032,6,D3,0.5842745900154114,0.5842745304107666,0.6464669704437256
S6-D4-0033,6,D4,0.44775262475013733,0.4477526545524597,0.4705885350704193
S6-B7-0034,6,B7,0.6582163572311401,0.6582163572311401,0.7500379085540771
S6-DS_C12-0035,6,DS_C12,0.5246577262878418,0.5246577858924866,0.5257243514060974
S6-PP_C12-0036,6,PP_C12,0.6854327321052551,0.6854327917098999,0.678106427192688
S6-PM_C12-0037,6,PM_C12,0.25929054617881775,0.25929051637649536,0.26247555017471313
S6-DS_C13-0038,6,DS_C13,0.4269116520881653,0.42691168189048767,0.43403294682502747
S6-PP_C13-0039,6,PP_C13,0.22638791799545288,0.22638802230358124,0.2545623183250427
S6-PM_C13-0040,6,PM_C13,0.6046501994132996,0.6046503186225891,0.5211588740348816
S6-D1-0041,6,D1,0.586793065071106,0.5867930054664612,0.6185274124145508
S6-D2-0042,6,D2,0.4191271662712097,0.41912728548049927,0.48916974663734436
S6-D3-0043,6,D3,0.5874594449996948,0.5874592661857605,0.5898367762565613
S6-D4-0044,6,D4,0.4179235100746155,0.4179233908653259,0.38546091318130493
S6-B7-0045,6,B7,0.7513614296913147,0.7513613700866699,0.9006748199462891
S6-DS_C12-0046,6,DS_C12,0.819686770439148,0.8196868300437927,0.8246579170227051
S6-PP_C12-0047,6,PP_C12,0.7877680063247681,0.7877680063247681,0.8344651460647583
S6-PM_C12-0048,6,PM_C12,0.7616854310035706,0.7616854906082153,0.8706927299499512
S6-DS_C13-0049,6,DS_C13,0.789892852306366,0.7898929119110107,0.8146628737449646
S6-PP_C13-0050,6,PP_C13,0.7379957437515259,0.7379956245422363,0.7925979495048523
S6-PM_C13-0051,6,PM_C13,0.8235781192779541,0.8235781192779541,0.8772575855255127
S6-D1-0052,6,D1,0.7988648414611816,0.7988647818565369,0.8608141541481018
S6-D2-0053,6,D2,0.7183771729469299,0.7183771133422852,0.7527720928192139
S6-D3-0054,6,D3,0.7816159725189209,0.7816159725189209,0.7702947854995728
S6-D4-0055,6,D4,0.8062390685081482,0.8062390685081482,0.8567671179771423
S6-B7-0056,6,B7,0.385341614484787,0.38534173369407654,0.40323954820632935
S6-DS_C12-0057,6,DS_C12,0.6154484748840332,0.615448534488678,0.6407043933868408
S6-PP_C12-0058,6,PP_C12,0.46768927574157715,0.46768930554389954,0.5238779187202454
S6-PM_C12-0059,6,PM_C12,0.48140570521354675,0.481405645608902,0.46650204062461853
S6-DS_C13-0060,6,DS_C13,0.1423865407705307,0.1423865556716919,0.17398007214069366
S6-PP_C13-0061,6,PP_C13,0.2554995119571686,0.2554994225502014,0.2658459544181824
S6-PM_C13-0062,6,PM_C13,0.2697717249393463,0.26977187395095825,0.30760401487350464
S6-D1-0063,6,D1,0.4919411838054657,0.4919411540031433,0.5851590037345886
S6-D2-0064,6,D2,0.501403272151947,0.5014033913612366,0.5117033123970032
S6-D3-0065,6,D3,0.4368387460708618,0.4368387758731842,0.5163021683692932
S6-D4-0066,6,D4,0.33106210827827454,0.3310622274875641,0.44399723410606384
S6-B7-0067,6,B7,0.5737691521644592,0.573769211769104,0.5926439166069031
S6-DS_C12-0068,6,DS_C12,0.4561062455177307,0.45610612630844116,0.5420287251472473
S6-PP_C12-0069,6,PP_C12,0.387874037027359,0.38787397742271423,0.5565873980522156
S6-PM_C12-0070,6,PM_C12,0.3859806954860687,0.38598066568374634,0.3367918133735657
S6-DS_C13-0071,6,DS_C13,0.24272774159908295,0.24272778630256653,0.35492590069770813
S6-PP_C13-0072,6,PP_C13,0.34261593222618103,0.34261593222618103,0.3620138168334961
S6-PM_C13-0073,6,PM_C13,0.22401875257492065,0.22401879727840424,0.25367870926856995
S6-D1-0074,6,D1,0.35131385922431946,0.3513137102127075,0.35296738147735596
S6-D2-0075,6,D2,0.559609591960907,0.5596096515655518,0.5998156666755676
S6-D3-0076,6,D3,0.5139798521995544,0.5139796137809753,0.5260156393051147
S6-D4-0077,6,D4,0.44412291049957275,0.4441227912902832,0.475239634513855
S6-B7-0078,6,B7,0.7172945141792297,0.7172946333885193,0.735594630241394
S6-DS_C12-0079,6,DS_C12,0.47259801626205444,0.4725981652736664,0.4819084107875824
S6-PP_C12-0080,6,PP_C12,0.48473888635635376,0.4847387671470642,0.5259544253349304
S6-PM_C12-0081,6,PM_C12,0.6565094590187073,0.656509280204773,0.5881808400154114
S6-DS_C13-0082,6,DS_C13,0.49301019310951233,0.4930102229118347,0.515080451965332
S6-PP_C13-0083,6,PP_C13,0.32787415385246277,0.3278741240501404,0.3721505403518677
S6-PM_C13-0084,6,PM_C13,0.5239390134811401,0.5239391326904297,0.5377817749977112
S6-D1-0085,6,D1,0.45820948481559753,0.4582093060016632,0.6264567971229553
S6-D2-0086,6,D2,0.35492706298828125,0.35492706298828125,0.5563312768936157
S6-D3-0087,6,D3,0.1782282441854477,0.17822811007499695,0.32961419224739075
S6-D4-0088,6,D4,0.5815701484680176,0.5815701484680176,0.5158154368400574
S6-B7-0089,6,B7,0.7393659949302673,0.7393660545349121,0.7326234579086304
S6-DS_C12-0090,6,DS_C12,0.7162984013557434,0.7162982821464539,0.7372139096260071
S6-PP_C12-0091,6,PP_C12,0.5801964402198792,0.5801964998245239,0.6743301749229431
S6-PM_C12-0092,6,PM_C12,0.6142207980155945,0.6142206192016602,0.6576046347618103
S6-DS_C13-0093,6,DS_C13,0.2828349769115448,0.2828349173069,0.33634185791015625
S6-PP_C13-0094,6,PP_C13,0.4263111352920532,0.42631107568740845,0.4305703639984131
S6-PM_C13-0095,6,PM_C13,0.24383044242858887,0.24383048713207245,0.2895490229129791
S6-D1-0096,6,D1,0.6889685988426208,0.6889687180519104,0.7040541172027588
S6-D2-0097,6,D2,0.5105335712432861,0.5105334520339966,0.5365892648696899
S6-D3-0098,6,D3,0.5245898365974426,0.5245896577835083,0.5313575267791748
S6-D4-0099,6,D4,0.5467618107795715,0.5467617511749268,0.5551125407218933
S6-B7-0100,6,B7,0.21786555647850037,0.21786558628082275,0.2515074610710144
S6-DS_C12-0101,6,DS_C12,0.33872365951538086,0.33872365951538086,0.45641228556632996
S6-PP_C12-0102,6,PP_C12,0.46926575899124146,0.46926581859588623,0.6028724312782288
S6-PM_C12-0103,6,PM_C12,0.5174300074577332,0.5174298882484436,0.5445172786712646
S6-DS_C13-0104,6,DS_C13,0.3750304877758026,0.3750305771827698,0.4739169180393219
S6-PP_C13-0105,6,PP_C13,0.3168867826461792,0.3168868124485016,0.4080081880092621
S6-PM_C13-0106,6,PM_C13,0.52702796459198,0.52702796459198,0.5335729718208313
S6-D1-0107,6,D1,0.2594820559024811,0.2594819962978363,0.3372665345668793
S6-D2-0108,6,D2,0.26249179244041443,0.2624918222427368,0.26523998379707336
S6-D3-0109,6,D3,0.17662496864795685,0.17662502825260162,0.3801685571670532
S6-D4-0110,6,D4,0.6035951375961304,0.6035951375961304,0.5521062612533569
S6-B7-0111,6,B7,0.713009238243103,0.7130091190338135,0.7391541004180908
S6-DS_C12-0112,6,DS_C12,0.7648963928222656,0.7648963928222656,0.8132057189941406
S6-PP_C12-0113,6,PP_C12,0.5581609606742859,0.5581610202789307,0.7287777662277222
S6-PM_C12-0114,6,PM_C12,0.6095987558364868,0.6095987558364868,0.6276221871376038
S6-DS_C13-0115,6,DS_C13,0.713117778301239,0.7131178379058838,0.7670148611068726
S6-PP_C13-0116,6,PP_C13,0.3926940858364105,0.3926941156387329,0.4516758620738983
S6-PM_C13-0117,6,PM_C13,0.7035748362541199,0.7035749554634094,0.8669127821922302
S6-D1-0118,6,D1,0.6144059896469116,0.6144061088562012,0.6288016438484192
S6-D2-0119,6,D2,0.6165370345115662,0.6165369153022766,0.6137601137161255
S6-D3-0120,6,D3,0.590546190738678,0.5905462503433228,0.6078088283538818
S6-D4-0121,6,D4,0.7382108569145203,0.7382106781005859,0.7560796141624451
S6-B7-0122,6,B7,0.4128284156322479,0.41282835602760315,0.48346829414367676
S6-DS_C12-0123,6,DS_C12,0.5505139827728271,0.5505139231681824,0.7022440433502197
S6-PP_C12-0124,6,PP_C12,0.4143007695674896,0.4143008589744568,0.42874875664711
S6-PM_C12-0125,6,PM_C12,0.3902958631515503,0.39029577374458313,0.5576993227005005
S6-DS_C13-0126,6,DS_C13,0.8153820633888245,0.8153820633888245,0.8091917634010315
S6-PP_C13-0127,6,PP_C13,0.22938032448291779,0.2293802946805954,0.4114997684955597
S6-PM_C13-0128,6,PM_C13,0.5607433915138245,0.5607434511184692,0.5966920852661133
S6-D1-0129,6,D1,0.6411094665527344,0.6411095261573792,0.7660931944847107
S6-D2-0130,6,D2,0.5594797730445862,0.5594795942306519,0.6078905463218689
S6-D3-0131,6,D3,0.47952187061309814,0.4795217216014862,0.4799368381500244
S6-D4-0132,6,D4,0.6728042364120483,0.6728043556213379,0.6505579948425293
S6-B7-0133,6,B7,0.6051587462425232,0.6051587462425232,0.6708211898803711
S6-DS_C12-0134,6,DS_C12,0.6170845031738281,0.6170845627784729,0.6488018035888672
S6-PP_C12-0135,6,PP_C12,0.5280823111534119,0.5280823111534119,0.557182252407074
S6-PM_C12-0136,6,PM_C12,0.5584940314292908,0.5584939122200012,0.5476647615432739
S6-DS_C13-0137,6,DS_C13,0.7074050307273865,0.7074050307273865,0.7485831379890442
S6-PP_C13-0138,6,PP_C13,0.7730691432952881,0.7730691432952881,0.857093334197998
S6-PM_C13-0139,6,PM_C13,0.7514829039573669,0.7514827847480774,0.8106887936592102
S6-D1-0140,6,D1,0.6837891936302185,0.6837893128395081,0.6981850266456604
S6-D2-0141,6,D2,0.7032162547111511,0.7032163143157959,0.6913946866989136
S6-D3-0142,6,D3,0.6972075700759888,0.697207510471344,0.758979856967926
S6-D4-0143,6,D4,0.8075698614120483,0.807569682598114,0.8137722015380859
S6-B7-0144,6,B7,0.40937134623527527,0.4093712866306305,0.45908570289611816
S6-DS_C12-0145,6,DS_C12,0.573173999786377,0.5731738805770874,0.743087112903595
S6-PP_C12-0146,6,PP_C12,0.40608635544776917,0.40608638525009155,0.4007464051246643
S6-PM_C12-0147,6,PM_C12,0.505060613155365,0.5050605535507202,0.5297485589981079
S6-DS_C13-0148,6,DS_C13,0.3338727355003357,0.3338726758956909,0.41261762380599976
S6-PP_C13-0149,6,PP_C13,0.2322664111852646,0.2322663962841034,0.2957160770893097
S6-PM_C13-0150,6,PM_C13,0.2750833332538605,0.27508342266082764,0.42550578713417053
S6-D1-0151,6,D1,0.4890490174293518,0.4890490472316742,0.46913203597068787
S6-D2-0152,6,D2,0.5837872624397278,0.5837872624397278,0.6423615217208862
S6-D3-0153,6,D3,0.3684728443622589,0.3684728145599365,0.38871827721595764
S6-D4-0154,6,D4,0.5021771192550659,0.5021771192550659,0.47184330224990845
S6-B7-0155,6,B7,0.65214604139328,0.6521461009979248,0.7752329111099243
S6-DS_C12-0156,6,DS_C12,0.7929852604866028,0.7929853796958923,0.8394436836242676
S6-PP_C12-0157,6,PP_C12,0.5396638512611389,0.5396640300750732,0.5848613977432251
S6-PM_C12-0158,6,PM_C12,0.6671494245529175,0.6671493649482727,0.7134184837341309
S6-DS_C13-0159,6,DS_C13,0.7337799072265625,0.733779788017273,0.7740473747253418
S6-PP_C13-0160,6,PP_C13,0.5992912650108337,0.5992910861968994,0.5997750759124756
S6-PM_C13-0161,6,PM_C13,0.3899764120578766,0.38997653126716614,0.43172311782836914
S6-D1-0162,6,D1,0.4343000650405884,0.4343000650405884,0.49564728140830994
S6-D2-0163,6,D2,0.32585471868515015,0.3258547782897949,0.3729669451713562
S6-D3-0164,6,D3,0.33027949929237366,0.3302793502807617,0.4306071102619171
S6-D4-0165,6,D4,0.47026094794273376,0.47026100754737854,0.5063379406929016
S6-B7-0166,6,B7,0.4949881136417389,0.4949881434440613,0.6028851866722107
S6-DS_C12-0167,6,DS_C12,0.6863121390342712,0.6863121390342712,0.6952829957008362
S6-PP_C12-0168,6,PP_C12,0.6576361656188965,0.6576361060142517,0.6940391063690186
S6-PM_C12-0169,6,PM_C12,0.6469464302062988,0.6469462513923645,0.6977631449699402
S6-DS_C13-0170,6,DS_C13,0.5234883427619934,0.5234885215759277,0.524322509765625
S6-PP_C13-0171,6,PP_C13,0.49037864804267883,0.49037855863571167,0.5159401893615723
S6-PM_C13-0172,6,PM_C13,0.49372050166130066,0.49372053146362305,0.488866925239563
S6-D1-0173,6,D1,0.5781286954879761,0.5781286358833313,0.7020430564880371
S6-D2-0174,6,D2,0.2333068549633026,0.23330698907375336,0.2841867208480835
S6-D3-0175,6,D3,0.3592448830604553,0.3592449426651001,0.5088471174240112
S6-D4-0176,6,D4,0.39000388979911804,0.39000391960144043,0.33601295948028564
S6-B7-0177,6,B7,0.552979052066803,0.5529789328575134,0.5515831708908081
S6-DS_C12-0178,6,DS_C12,0.5588123202323914,0.5588123202323914,0.7776293158531189
S6-PP_C12-0179,6,PP_C12,0.4920145273208618,0.49201464653015137,0.6881734728813171
S6-PM_C12-0180,6,PM_C12,0.6875261068344116,0.6875260472297668,0.7886914610862732
S6-DS_C13-0181,6,DS_C13,0.4757000207901001,0.4757000505924225,0.45402243733406067
S6-PP_C13-0182,6,PP_C13,0.28444620966911316,0.2844462990760803,0.3564591705799103
S6-PM_C13-0183,6,PM_C13,0.32530295848846436,0.32530295848846436,0.2896856665611267
S6-D1-0184,6,D1,0.08385812491178513,0.08385799825191498,0.15637703239917755
S6-D2-0185,6,D2,0.15242494642734528,0.1524248868227005,0.23697131872177124
S6-D3-0186,6,D3,0.09929340332746506,0.09929332137107849,0.20426630973815918
S6-D4-0187,6,D4,0.0730278342962265,0.07302787899971008,0.1407516598701477
S6-B7-0188,6,B7,0.5336662530899048,0.5336662530899048,0.6017999649047852
S6-DS_C12-0189,6,DS_C12,0.6279524564743042,0.6279522776603699,0.7855099439620972
S6-PP_C12-0190,6,PP_C12,0.6024744510650635,0.6024745106697083,0.7873452305793762
S6-PM_C12-0191,6,PM_C12,0.5608857870101929,0.5608857274055481,0.60116046667099
S6-DS_C13-0192,6,DS_C13,0.6553972959518433,0.6553971171379089,0.7146582007408142
S6-PP_C13-0193,6,PP_C13,0.5832237601280212,0.5832237601280212,0.6256770491600037
S6-PM_C13-0194,6,PM_C13,0.22880585491657257,0.22880594432353973,0.45271748304367065
S6-D1-0195,6,D1,0.4375384747982025,0.43753841519355774,0.4809291362762451
S6-D2-0196,6,D2,0.2848778963088989,0.28487780690193176,0.34185928106307983
S6-D3-0197,6,D3,0.4090329110622406,0.4090328812599182,0.4837893843650818
S6-D4-0198,6,D4,0.3631299138069153,0.3631299138069153,0.4170762598514557
S5-q1-0001,5,q1,0.12957265973091125,0.12957265973091125,0.1732567399740219
S5-q1-0002,5,q1,0.06693290174007416,0.06693290174007416,0.11968402564525604
S5-q1-0003,5,q1,0.5761610269546509,0.5761608481407166,0.6287397146224976
S5-q1-0004,5,q1,0.0841854065656662,0.0841854065656662,0.16462744772434235
S5-q1-0005,5,q1,0.1335235834121704,0.1335236132144928,0.1616627424955368
S5-q1-0006,5,q1,0.550603985786438,0.5506039261817932,0.625428318977356
S5-q1-0007,5,q1,0.6363227367401123,0.6363227963447571,0.6429545283317566
S5-q1-0008,5,q1,0.09228178858757019,0.09228168427944183,0.14860638976097107
S5-q1-0009,5,q1,0.644147515296936,0.644147515296936,0.7262348532676697
S5-q1-0010,5,q1,0.16775624454021454,0.1677563190460205,0.22047929465770721
S5-q1-0011,5,q1,0.6360924243927002,0.636092483997345,0.6437560319900513
S5-q1-0012,5,q1,0.21401242911815643,0.21401233971118927,0.23165978491306305
S5-q1-0013,5,q1,0.1912895292043686,0.19128954410552979,0.22012633085250854
S5-q1-0014,5,q1,0.1330326497554779,0.13303278386592865,0.21634532511234283
S5-q1-0015,5,q1,0.032385967671871185,0.03238603100180626,0.2061416357755661
S5-q1-0016,5,q1,0.7819933295249939,0.7819931507110596,0.79268878698349
S5-q1-0017,5,q1,0.18608561158180237,0.18608565628528595,0.19238115847110748
S5-q1-0018,5,q1,0.1460363119840622,0.146036297082901,0.1838749349117279
S5-q1-0019,5,q1,0.5761610269546509,0.5761608481407166,0.6287397146224976
S5-q1-0020,5,q1,0.6605684757232666,0.660568356513977,0.6649966239929199
S5-q1-0021,5,q1,0.003505328204482794,0.0035052988678216934,0.12246602028608322
S5-q1-0022,5,q1,0.005127621814608574,0.005127638578414917,0.1312997043132782
S5-q1-0023,5,q1,0.08206243813037872,0.0820625051856041,0.1885250061750412
S5-q1-0024,5,q1,0.3379232585430145,0.3379233479499817,0.37389907240867615
S5-q1-0025,5,q1,0.6363227367401123,0.6363227963447571,0.6429545283317566
S5-q1-0026,5,q1,0.5834362506866455,0.583436131477356,0.6360206604003906
S5-q1-0027,5,q1,0.13655418157577515,0.13655418157577515,0.27209216356277466
S5-q1-0028,5,q1,0.5761610269546509,0.5761608481407166,0.6287397146224976
S5-q1-0029,5,q1,0.9127820730209351,0.9127821326255798,0.910346269607544
S5-q1-0030,5,q1,0.026248347014188766,0.026248373091220856,0.09871689230203629
S5-q1-0031,5,q1,0.02439185231924057,0.024391930550336838,0.06716717034578323
S5-q1-0032,5,q1,0.6066668629646301,0.6066667437553406,0.6563872694969177
S5-q1-0033,5,q1,0.6022325754165649,0.6022325158119202,0.6969810724258423
S5-q1-0034,5,q1,0.37671971321105957,0.37671974301338196,0.4543832838535309
S5-q1-0035,5,q1,0.2991141676902771,0.2991141378879547,0.31316864490509033
S5-q1-0036,5,q1,0.3878951966762543,0.3878953754901886,0.3926642835140228
S5-q1-0037,5,q1,0.10549584776163101,0.10549580305814743,0.14839108288288116
S5-q1-0038,5,q1,0.1335235834121704,0.1335236132144928,0.1616627424955368
S5-q1-0039,5,q1,0.5571591258049011,0.5571589469909668,0.603704035282135
S5-q1-0040,5,q1,0.44345274567604065,0.44345271587371826,0.47912195324897766
S5-q1-0041,5,q1,0.5929169654846191,0.5929168462753296,0.6075084209442139
S5-q1-0042,5,q1,0.3119586706161499,0.3119586706161499,0.3259294927120209
S5-q1-0043,5,q1,0.5531461834907532,0.5531460642814636,0.6140621900558472
S5-q1-0044,5,q1,0.5531461834907532,0.5531460642814636,0.6140621900558472
S5-q1-0045,5,q1,0.5539410710334778,0.553941011428833,0.6227942109107971
S5-q1-0046,5,q1,0.3437327444553375,0.34373271465301514,0.31222477555274963
S5-q1-0047,5,q1,0.6625199913978577,0.6625199317932129,0.6942846179008484
S5-q1-0048,5,q1,0.2777785658836365,0.27777859568595886,0.2894538938999176
S5-q1-0049,5,q1,0.5761610269546509,0.5761608481407166,0.6287397146224976
S5-q1-0050,5,q1,-0.00728046428412199,-0.007280462421476841,0.2043764591217041
S5-q1-0051,5,q1,0.11159646511077881,0.11159645020961761,0.16531510651111603
S5-q1-0052,5,q1,0.4018908441066742,0.4018908441066742,0.43128132820129395
S5-q1-0053,5,q1,0.5073081254959106,0.5073080658912659,0.6033938527107239
S5-q1-0054,5,q1,0.08425196260213852,0.08425204455852509,0.1931595653295517
S5-q1-0055,5,q1,0.22260725498199463,0.2226072996854782,0.27979952096939087
S5-q1-0056,5,q1,0.1335235834121704,0.1335236132144928,0.1616627424955368
S5-q1-0057,5,q1,0.6360924243927002,0.636092483997345,0.6437560319900513
S5-q1-0058,5,q1,0.5086408853530884,0.5086408257484436,0.5303348302841187
S5-q1-0059,5,q1,0.5687875747680664,0.5687875151634216,0.6542792320251465
S5-q1-0060,5,q1,0.05199141800403595,0.05199144408106804,0.19355493783950806
S5-q1-0061,5,q1,0.6795092821121216,0.6795092225074768,0.6842794418334961
S5-q1-0062,5,q1,0.6360924243927002,0.636092483997345,0.6437560319900513
S5-q1-0063,5,q1,0.6363227367401123,0.6363227963447571,0.6429545283317566
S5-q1-0064,5,q1,0.11276271194219589,0.11276260018348694,0.17789824306964874
S5-q1-0065,5,q1,0.5239715576171875,0.5239715576171875,0.5731077790260315
S5-q1-0066,5,q1,0.6060770750045776,0.6060768961906433,0.6298875212669373
S5-q1-0067,5,q1,0.6159456968307495,0.61594557762146,0.6314998269081116
S5-q1-0068,5,q1,0.5800874829292297,0.5800873637199402,0.6489375829696655
S5-q1-0069,5,q1,0.036771710962057114,0.03677171468734741,0.09961866587400436
S5-q1-0070,5,q1,0.63579261302948,0.6357926726341248,0.6555930972099304
S5-q1-0071,5,q1,-0.00728046428412199,-0.007280462421476841,0.2043764591217041
S5-q1-0072,5,q1,0.9326019883155823,0.9326021075248718,0.92502760887146
S5-q1-0073,5,q1,-0.03497875854372978,-0.03497880697250366,0.1955009549856186
S5-q1-0074,5,q1,0.032560206949710846,0.032560233026742935,0.11740725487470627
S5-q1-0075,5,q1,0.4623306691646576,0.4623306095600128,0.48775219917297363
S5-q1-0076,5,q1,0.23967376351356506,0.23967380821704865,0.25724855065345764
S5-q1-0077,5,q1,0.7380219101905823,0.7380219101905823,0.7472516298294067
S5-q1-0078,5,q1,0.6363227367401123,0.6363227963447571,0.6429545283317566
S5-q1-0079,5,q1,0.6363227367401123,0.6363227963447571,0.6429545283317566
S5-q1-0080,5,q1,0.6363227367401123,0.6363227963447571,0.6429545283317566
S5-q1-0081,5,q1,0.6363227367401123,0.6363227963447571,0.6429545283317566
S5-q1-0082,5,q1,0.6159456968307495,0.61594557762146,0.6314998269081116
S5-q1-0083,5,q1,0.5343955755233765,0.5343953967094421,0.5461242198944092
S5-q1-0084,5,q1,0.6159456968307495,0.61594557762146,0.6314998269081116
S5-q1-0085,5,q1,-0.00037530032568611205,-0.0003754226490855217,0.10559685528278351
S5-q1-0086,5,q1,0.22721390426158905,0.22721384465694427,0.28635698556900024
S5-q1-0087,5,q1,0.35188937187194824,0.3518892824649811,0.3933967351913452
S5-q1-0088,5,q1,0.6159456968307495,0.61594557762146,0.6314998269081116
S5-q1-0089,5,q1,0.07498615980148315,0.0749860629439354,0.11689664423465729
S5-q1-0090,5,q1,-0.03497875854372978,-0.03497880697250366,0.1955009549856186
S5-q1-0091,5,q1,0.201431006193161,0.20143097639083862,0.20640508830547333
S5-q1-0092,5,q1,0.6363227367401123,0.6363227963447571,0.6429545283317566
S5-q1-0093,5,q1,0.13631410896778107,0.13631410896778107,0.2193310409784317
S5-q1-0094,5,q1,0.6259017586708069,0.6259015202522278,0.6878637671470642
S5-q1-0095,5,q1,0.08862075209617615,0.08862077444791794,0.16934721171855927
S5-q1-0096,5,q1,0.41897061467170715,0.4189705550670624,0.43641048669815063
S5-q1-0097,5,q1,0.2764609456062317,0.2764609158039093,0.33794331550598145
S5-q1-0098,5,q1,0.026421714574098587,0.026421722024679184,0.15681642293930054
S5-q1-0099,5,q1,-0.00728046428412199,-0.007280462421476841,0.2043764591217041
S5-q1-0100,5,q1,0.36733269691467285,0.3673325181007385,0.44325947761535645
S5-q1-0101,5,q1,0.38313135504722595,0.38313114643096924,0.4582579433917999
S5-q1-0102,5,q1,0.11856138706207275,0.11856137961149216,0.19200338423252106
S5-q1-0103,5,q1,0.5185795426368713,0.5185795426368713,0.530726969242096
S5-q1-0104,5,q1,0.34568679332733154,0.3456866443157196,0.429966539144516
S5-q1-0105,5,q1,0.06965723633766174,0.06965722143650055,0.10607405751943588
S5-q1-0106,5,q1,0.529110848903656,0.529110848903656,0.5248476266860962
S5-q1-0107,5,q1,0.44491010904312134,0.44491007924079895,0.5037983059883118
S5-q1-0108,5,q1,0.44345274567604065,0.44345271587371826,0.47912195324897766
S5-q1-0109,5,q1,0.9056509733200073,0.9056508541107178,0.9049586653709412
S5-q1-0110,5,q1,0.6327852010726929,0.632784903049469,0.6672103404998779
S5-q1-0111,5,q1,0.2679383456707001,0.2679382562637329,0.24261759221553802
S5-q1-0112,5,q1,0.613701343536377,0.613701343536377,0.6818030476570129
S5-q1-0113,5,q1,0.5761610269546509,0.5761608481407166,0.6287397146224976
S5-q1-0114,5,q1,0.6360924243927002,0.636092483997345,0.6437560319900513
S5-q1-0115,5,q1,0.1973419487476349,0.19734182953834534,0.269761323928833
S5-q1-0116,5,q1,0.46405255794525146,0.4640524983406067,0.5084599852561951
S5-q1-0117,5,q1,0.6363227367401123,0.6363227963447571,0.6429545283317566
S5-q1-0118,5,q1,0.4033838212490082,0.40338367223739624,0.4599292576313019
S5-q1-0119,5,q1,0.5580738186836243,0.5580737590789795,0.6048465371131897
S5-q1-0120,5,q1,0.21312755346298218,0.21312762796878815,0.2287421077489853
S5-q1-0121,5,q1,0.5929169654846191,0.5929168462753296,0.6075084209442139
S5-q1-0122,5,q1,0.6605684757232666,0.660568356513977,0.6649966239929199
S5-q1-0123,5,q1,0.6779619455337524,0.6779617667198181,0.6962688565254211
S5-q1-0124,5,q1,0.5929169654846191,0.5929168462753296,0.6075084209442139
S5-q1-0125,5,q1,0.15910513699054718,0.15910518169403076,0.17616897821426392
S5-q1-0126,5,q1,0.6159456968307495,0.61594557762146,0.6314998269081116
S5-q1-0127,5,q1,0.6159456968307495,0.61594557762146,0.6314998269081116
S5-q1-0128,5,q1,0.6281796097755432,0.6281794905662537,0.6439129710197449
S5-q1-0129,5,q1,0.5761610269546509,0.5761608481407166,0.6287397146224976
S5-q1-0130,5,q1,0.6159456968307495,0.61594557762146,0.6314998269081116
S5-q1-0131,5,q1,0.6363227367401123,0.6363227963447571,0.6429545283317566
S5-q1-0132,5,q1,0.7755354642868042,0.7755353450775146,0.784929096698761
S5-q1-0133,5,q1,0.547916054725647,0.5479159355163574,0.6286433339118958
S5-q1-0134,5,q1,0.2977905571460724,0.29779040813446045,0.3575323522090912
S5-q1-0135,5,q1,0.36036601662635803,0.36036595702171326,0.40512603521347046
S5-q1-0136,5,q1,0.5742490291595459,0.5742489099502563,0.5911208391189575
S5-q1-0137,5,q1,0.5750464200973511,0.5750462412834167,0.6236006021499634
S5-q1-0138,5,q1,0.13655418157577515,0.13655418157577515,0.27209216356277466
S5-q1-0139,5,q1,0.02439185231924057,0.024391930550336838,0.06716717034578323
S5-q1-0140,5,q1,0.4614901840686798,0.46149006485939026,0.5170385241508484
S5-q1-0141,5,q1,0.433531790971756,0.4335317313671112,0.4896577298641205
S5-q1-0142,5,q1,0.6363227367401123,0.6363227963447571,0.6429545283317566
S5-q1-0143,5,q1,0.1921275407075882,0.1921275109052658,0.2183074653148651
S5-q1-0144,5,q1,0.7076572775840759,0.7076570987701416,0.7109426259994507
S5-q1-0145,5,q1,0.5929169654846191,0.5929168462753296,0.6075084209442139
S5-q1-0146,5,q1,0.11159646511077881,0.11159645020961761,0.16531510651111603
S5-q1-0147,5,q1,0.005218659061938524,0.0052185021340847015,0.07063030451536179
S5-q1-0148,5,q1,0.3002966344356537,0.300296425819397,0.4568603038787842
S5-q1-0149,5,q1,0.30860334634780884,0.30860331654548645,0.3381415605545044
S5-q1-0150,5,q1,0.5761610269546509,0.5761608481407166,0.6287397146224976
S5-q1-0151,5,q1,0.5666150450706482,0.5666149258613586,0.5866307616233826
S5-q1-0152,5,q1,0.6183937191963196,0.61839359998703,0.7118101716041565
S5-q1-0153,5,q1,0.10281321406364441,0.1028132364153862,0.1477050930261612
S5-q1-0154,5,q1,0.5761610269546509,0.5761608481407166,0.6287397146224976
S5-q1-0155,5,q1,0.1201513335108757,0.12015119940042496,0.1659044474363327
S5-q1-0156,5,q1,0.04253440722823143,0.04253439977765083,0.09103398770093918
S5-q1-0157,5,q1,-0.00728046428412199,-0.007280462421476841,0.2043764591217041
S5-q1-0158,5,q1,0.6156041026115417,0.6156041026115417,0.6286680698394775
S5-q1-0159,5,q1,0.30580422282218933,0.3058043122291565,0.3221363425254822
S5-q1-0160,5,q1,0.6711438894271851,0.6711440086364746,0.6770848035812378
S5-q1-0161,5,q1,0.5249937772750854,0.5249936580657959,0.5253173112869263
S5-q1-0162,5,q1,0.18375881016254425,0.1837589144706726,0.2139495462179184
S5-q1-0163,5,q1,0.26959094405174255,0.26959094405174255,0.306142121553421
S5-q1-0164,5,q1,0.4182847738265991,0.4182846248149872,0.4206097722053528
S5-q1-0165,5,q1,0.9127820730209351,0.9127821326255798,0.910346269607544
S5-q1-0166,5,q1,0.6282305121421814,0.6282305121421814,0.642830491065979
S5-q1-0167,5,q1,0.30860334634780884,0.30860331654548645,0.3381415605545044
S5-q1-0168,5,q1,0.687661349773407,0.6876612305641174,0.7241806387901306
S5-q1-0169,5,q1,0.21605455875396729,0.21605446934700012,0.28546303510665894
S5-q1-0170,5,q1,0.6159456968307495,0.61594557762146,0.6314998269081116
S5-q1-0171,5,q1,0.6795092821121216,0.6795092225074768,0.6842794418334961
S5-q1-0172,5,q1,0.46445232629776,0.46445226669311523,0.5287342667579651
S5-q1-0173,5,q1,0.6363227367401123,0.6363227963447571,0.6429545283317566
S5-q1-0174,5,q1,0.23842942714691162,0.23842941224575043,0.261556476354599
S5-q1-0175,5,q1,0.5929169654846191,0.5929168462753296,0.6075084209442139
S5-q1-0176,5,q1,0.3416942358016968,0.34169426560401917,0.4419996738433838
S5-q1-0177,5,q1,0.13903841376304626,0.13903844356536865,0.17024996876716614
S5-q1-0178,5,q1,0.1707121580839157,0.17071224749088287,0.19321000576019287
S5-q1-0179,5,q1,0.6159456968307495,0.61594557762146,0.6314998269081116
S5-q1-0180,5,q1,0.6363227367401123,0.6363227963447571,0.6429545283317566
S5-q1-0181,5,q1,0.42989206314086914,0.4298919439315796,0.5036921501159668
S5-q1-0182,5,q1,0.39531856775283813,0.3953186869621277,0.46400895714759827
S5-q1-0183,5,q1,0.6997227668762207,0.6997227668762207,0.7084305286407471
S5-q1-0184,5,q1,0.4759542942047119,0.4759541451931,0.4649566113948822
S5-q1-0185,5,q1,0.3943522274494171,0.39435210824012756,0.4419597089290619
S5-q1-0186,5,q1,0.2717772126197815,0.2717772424221039,0.2803289294242859
S5-q1-0187,5,q1,0.0302568506449461,0.03025684505701065,0.15125282108783722
S5-q1-0188,5,q1,0.5761610269546509,0.5761608481407166,0.6287397146224976
S5-q1-0189,5,q1,0.38725098967552185,0.3872508704662323,0.43731945753097534
S5-q1-0190,5,q1,0.535037100315094,0.535037100315094,0.543434202671051
S5-q1-0191,5,q1,0.5761610269546509,0.5761608481407166,0.6287397146224976
S5-q1-0192,5,q1,0.6625199913978577,0.6625199317932129,0.6942846179008484
S5-q1-0193,5,q1,0.3833875358104706,0.38338738679885864,0.420232355594635
S5-q1-0194,5,q1,0.1678071916103363,0.16780716180801392,0.2602735459804535
S5-q1-0195,5,q1,0.6159456968307495,0.61594557762146,0.6314998269081116
S5-q1-0196,5,q1,0.6795092821121216,0.6795092225074768,0.6842794418334961
S5-q1-0197,5,q1,0.3933112919330597,0.3933110535144806,0.43911659717559814
S5-q1-0198,5,q1,0.6159456968307495,0.61594557762146,0.6314998269081116
S5-q1-0199,5,q1,0.5604743957519531,0.5604742765426636,0.6224430203437805
S5-q1-0200,5,q1,0.5682787299156189,0.5682785511016846,0.6351435780525208
S5-q1-0201,5,q1,0.03404434770345688,0.03404421731829643,0.08723723143339157
S5-q1-0202,5,q1,0.2463233470916748,0.2463233470916748,0.22884568572044373
S5-q1-0203,5,q1,0.49655622243881226,0.4965560734272003,0.5542937517166138
S5-q1-0204,5,q1,0.2679383456707001,0.2679382562637329,0.24261759221553802
S5-q1-0205,5,q1,0.5482878684997559,0.5482877492904663,0.5778510570526123
S5-q1-0206,5,q1,0.15634314715862274,0.15634305775165558,0.1726277768611908
S5-q1-0207,5,q1,0.9047117829322815,0.9047118425369263,0.908687949180603
S5-q1-0208,5,q1,0.1484767198562622,0.1484767347574234,0.1293470710515976
S5-q1-0209,5,q1,0.5929169654846191,0.5929168462753296,0.6075084209442139
S5-q1-0210,5,q1,0.2028724104166031,0.20287232100963593,0.22207386791706085
S5-q1-0211,5,q1,0.5751129388809204,0.5751128196716309,0.6831522583961487
S5-q1-0212,5,q1,0.14452813565731049,0.14452801644802094,0.16873477399349213
S5-q1-0213,5,q1,0.1707121580839157,0.17071224749088287,0.19321000576019287
S5-q1-0214,5,q1,0.5702353715896606,0.5702352523803711,0.6252784132957458
S5-q1-0215,5,q1,0.42071622610092163,0.42071613669395447,0.48266592621803284
S5-q1-0216,5,q1,0.4614335298538208,0.461433470249176,0.511742353439331
S5-q1-0217,5,q1,0.7192211151123047,0.7192211151123047,0.7378507256507874
S5-q1-0218,5,q1,0.6675695776939392,0.6675695180892944,0.7034958004951477
S5-q1-0219,5,q1,0.6363227367401123,0.6363227963447571,0.6429545283317566
S5-q1-0220,5,q1,0.6159456968307495,0.61594557762146,0.6314998269081116
S5-q1-0221,5,q1,0.4759542942047119,0.4759541451931,0.4649566113948822
S5-q1-0222,5,q1,0.8138877153396606,0.8138877153396606,0.7995688915252686
S5-q1-0223,5,q1,0.6795092821121216,0.6795092225074768,0.6842794418334961
S5-q1-0224,5,q1,0.560828685760498,0.5608285069465637,0.6141340732574463
S5-q1-0225,5,q1,0.9052499532699585,0.905249834060669,0.9093736410140991
S5-q1-0226,5,q1,0.8825045824050903,0.8825046420097351,0.8918039798736572
S5-q1-0227,5,q1,0.4960422217845917,0.49604201316833496,0.5823972821235657
S5-q1-0228,5,q1,0.5761610269546509,0.5761608481407166,0.6287397146224976
S5-q1-0229,5,q1,0.6282305121421814,0.6282305121421814,0.642830491065979
S5-q1-0230,5,q1,0.5929169654846191,0.5929168462753296,0.6075084209442139
S5-q1-0231,5,q1,0.5819509625434875,0.5819509625434875,0.5721482634544373
S5-q1-0232,5,q1,0.30580422282218933,0.3058043122291565,0.3221363425254822
S5-q1-0233,5,q1,0.6744232773780823,0.6744232773780823,0.7258184552192688
S5-q1-0234,5,q1,0.5683739185333252,0.5683737397193909,0.6792609691619873
S5-q1-0235,5,q1,0.35938841104507446,0.35938823223114014,0.43258747458457947
S5-q1-0236,5,q1,0.5806195139884949,0.5806193947792053,0.630205512046814
S5-q1-0237,5,q1,0.4759542942047119,0.4759541451931,0.4649566113948822
S5-q1-0238,5,q1,0.5124412775039673,0.5124411582946777,0.5292304754257202
S5-q1-0239,5,q1,0.5489261150360107,0.548926055431366,0.5891165733337402
S5-q1-0240,5,q1,0.3030635416507721,0.30306363105773926,0.30318766832351685
S5-q1-0241,5,q1,0.30580422282218933,0.3058043122291565,0.3221363425254822
S5-q1-0242,5,q1,0.15008562803268433,0.15008579194545746,0.1700594276189804
S5-q1-0243,5,q1,0.5929169654846191,0.5929168462753296,0.6075084209442139
S5-q1-0244,5,q1,0.1948954463005066,0.19489538669586182,0.22353632748126984
S5-q1-0245,5,q1,0.03737736493349075,0.037377241998910904,0.14143554866313934
S5-q1-0246,5,q1,0.2035873383283615,0.203587144613266,0.2192492038011551
S5-q1-0247,5,q1,0.5185795426368713,0.5185795426368713,0.530726969242096
S5-q1-0248,5,q1,0.7076572775840759,0.7076570987701416,0.7109426259994507
S5-q1-0249,5,q1,0.7986310720443726,0.7986310720443726,0.844620406627655
S5-q1-0250,5,q1,0.6031371355056763,0.6031368970870972,0.6154893040657043
S5-q1-0251,5,q1,0.6625199913978577,0.6625199317932129,0.6942846179008484
S5-q1-0252,5,q1,0.6147909760475159,0.6147909164428711,0.6419633030891418
S5-q1-0253,5,q1,0.38313135504722595,0.38313114643096924,0.4582579433917999
S5-q1-0254,5,q1,0.5929169654846191,0.5929168462753296,0.6075084209442139
S5-q1-0255,5,q1,0.7076572775840759,0.7076570987701416,0.7109426259994507
S5-q1-0256,5,q1,0.2979217767715454,0.2979218065738678,0.31727373600006104
S5-q1-0257,5,q1,0.33581414818763733,0.3358140289783478,0.4339040517807007
S5-q1-0258,5,q1,0.06365975737571716,0.06365977227687836,0.2656104564666748
S5-q1-0259,5,q1,0.3234216272830963,0.3234214186668396,0.3923426568508148
S5-q1-0260,5,q1,0.5525688529014587,0.5525686144828796,0.5655446648597717
S5-q1-0261,5,q1,0.27899807691574097,0.27899789810180664,0.3200226426124573
S5-q1-0262,5,q1,0.5119224190711975,0.5119223594665527,0.5320046544075012
S5-q1-0263,5,q1,0.5929169654846191,0.5929168462753296,0.6075084209442139
S5-q1-0264,5,q1,0.5761610269546509,0.5761608481407166,0.6287397146224976
S5-q1-0265,5,q1,0.5687116980552673,0.568711519241333,0.6416044235229492
S5-q1-0266,5,q1,0.46405255794525146,0.4640524983406067,0.5084599852561951
S5-q1-0267,5,q1,0.4103260338306427,0.4103259742259979,0.4786490797996521
S5-q1-0268,5,q1,0.6159456968307495,0.61594557762146,0.6314998269081116
S5-q1-0269,5,q1,0.024002326652407646,0.024002300575375557,0.03384792432188988
S5-q1-0270,5,q1,0.28113606572151184,0.28113609552383423,0.3121016025543213
S5-q1-0271,5,q1,0.5876937508583069,0.5876935720443726,0.6280945539474487
S5-q1-0272,5,q1,0.6314859390258789,0.6314858794212341,0.6456767916679382
S5-q1-0273,5,q1,0.5362047553062439,0.5362048745155334,0.5958471894264221
S5-q1-0274,5,q1,0.5206894278526306,0.5206893086433411,0.5515128970146179
S5-q1-0275,5,q1,0.612623393535614,0.6126232147216797,0.6337185502052307
S5-q1-0276,5,q1,0.6050359010696411,0.6050357818603516,0.660341203212738
S5-q1-0277,5,q1,0.03162134066224098,0.031621307134628296,0.055448248982429504
S5-q1-0278,5,q1,0.5571591258049011,0.5571589469909668,0.603704035282135
S5-q1-0279,5,q1,0.151155024766922,0.15115489065647125,0.20371831953525543
S5-q1-0280,5,q1,0.6225731372833252,0.6225730776786804,0.6460041999816895
S5-q1-0281,5,q1,0.6159456968307495,0.61594557762146,0.6314998269081116
S5-q1-0282,5,q1,0.19781693816184998,0.19781695306301117,0.18928739428520203
S5-q1-0283,5,q1,0.6360924243927002,0.636092483997345,0.6437560319900513
S5-q1-0284,5,q1,0.433531790971756,0.4335317313671112,0.4896577298641205
S5-q1-0285,5,q1,0.2777785658836365,0.27777859568595886,0.2894538938999176
S5-q1-0286,5,q1,0.10281321406364441,0.1028132364153862,0.1477050930261612
S5-q1-0287,5,q1,0.6159456968307495,0.61594557762146,0.6314998269081116
S5-q1-0288,5,q1,0.13903841376304626,0.13903844356536865,0.17024996876716614
S5-q1-0289,5,q1,0.23949790000915527,0.23949794471263885,0.30879756808280945
S5-q1-0290,5,q1,0.03050491027534008,0.030504882335662842,0.08524119853973389
S5-q1-0291,5,q1,-0.00728046428412199,-0.007280462421476841,0.2043764591217041
S5-q1-0292,5,q1,0.11616107076406479,0.11616107821464539,0.16694530844688416
S5-q1-0293,5,q1,0.5657806992530823,0.565780520439148,0.585753858089447
S5-q1-0294,5,q1,0.4182847738265991,0.4182846248149872,0.4206097722053528
S5-q1-0295,5,q1,0.46405017375946045,0.4640500843524933,0.5025573968887329
S5-q1-0296,5,q1,0.6931141018867493,0.6931140422821045,0.7319751977920532
S5-q1-0297,5,q1,0.5929169654846191,0.5929168462753296,0.6075084209442139
S5-q1-0298,5,q1,0.152884840965271,0.15288476645946503,0.2031962275505066
S5-q1-0299,5,q1,0.05199141800403595,0.05199144408106804,0.19355493783950806
S5-q1-0300,5,q1,0.5891194939613342,0.589119553565979,0.6817222833633423
S5-q1-0301,5,q1,0.6675695776939392,0.6675695180892944,0.7034958004951477
S5-q1-0302,5,q1,0.6363227367401123,0.6363227963447571,0.6429545283317566
S5-q1-0303,5,q1,0.45081934332847595,0.450819194316864,0.5070444941520691
S5-q1-0304,5,q1,0.19781693816184998,0.19781695306301117,0.18928739428520203
S5-q1-0305,5,q1,0.26568639278411865,0.26568642258644104,0.3291608393192291
S5-q1-0306,5,q1,0.6629493832588196,0.6629492044448853,0.6873175501823425
S5-q1-0307,5,q1,0.582694411277771,0.5826942324638367,0.6495919227600098
S5-q1-0308,5,q1,0.1509634554386139,0.15096339583396912,0.1807277649641037
S5-q1-0309,5,q1,0.5929169654846191,0.5929168462753296,0.6075084209442139
S5-q1-0310,5,q1,0.4122958183288574,0.4122956395149231,0.44237321615219116
S5-q1-0311,5,q1,0.7076572775840759,0.7076570987701416,0.7109426259994507
S5-q1-0312,5,q1,0.30860334634780884,0.30860331654548645,0.3381415605545044
S5-q1-0313,5,q1,0.5595420598983765,0.5595420002937317,0.6534308195114136
S5-q1-0314,5,q1,0.6429970264434814,0.6429969668388367,0.6619669795036316
S5-q1-0315,5,q1,0.2625027298927307,0.26250261068344116,0.3244228959083557
S5-q1-0316,5,q1,0.2777785658836365,0.27777859568595886,0.2894538938999176
S5-q1-0317,5,q1,0.23513349890708923,0.23513345420360565,0.2272472381591797
S5-q1-0318,5,q1,0.2713034451007843,0.2713032364845276,0.41967788338661194
S5-q1-0319,5,q1,0.8825045824050903,0.8825046420097351,0.8918039798736572
S5-q1-0320,5,q1,0.6159456968307495,0.61594557762146,0.6314998269081116
S5-q1-0321,5,q1,0.17292381823062897,0.17292392253875732,0.19590342044830322
S5-q1-0322,5,q1,0.3345341980457306,0.3345341980457306,0.3486102223396301
S5-q1-0323,5,q1,0.2107892483472824,0.210789293050766,0.27255597710609436
S5-q1-0324,5,q1,0.5761610269546509,0.5761608481407166,0.6287397146224976
S5-q1-0325,5,q1,0.5201842188835144,0.5201842784881592,0.5550119876861572
S5-q1-0326,5,q1,0.15334667265415192,0.1533467173576355,0.2049868106842041
S5-q1-0327,5,q1,0.05388990417122841,0.053889863193035126,0.11022964119911194
S5-q1-0328,5,q1,0.38312190771102905,0.3831218183040619,0.4176942706108093
S5-q1-0329,5,q1,0.6795092821121216,0.6795092225074768,0.6842794418334961
S5-q1-0330,5,q1,-0.03497875854372978,-0.03497880697250366,0.1955009549856186
S5-q1-0331,5,q1,0.21844778954982758,0.21844756603240967,0.23633986711502075
S5-q1-0332,5,q1,0.5375143885612488,0.5375142097473145,0.550014317035675
S5-q1-0333,5,q1,0.5929169654846191,0.5929168462753296,0.6075084209442139
S5-q1-0334,5,q1,0.9199699759483337,0.9199699759483337,0.9275880455970764
S5-q1-0335,5,q1,0.2391260862350464,0.2391260266304016,0.2700962424278259
S5-q1-0336,5,q1,0.4163699746131897,0.41636988520622253,0.45219480991363525
S5-q1-0337,5,q1,0.5347635746002197,0.5347633957862854,0.5599498152732849
S5-q1-0338,5,q1,0.5158122181892395,0.5158122181892395,0.5694635510444641
S5-q1-0339,5,q1,0.5682787299156189,0.5682785511016846,0.6351435780525208
S5-q1-0340,5,q1,0.5073081254959106,0.5073080658912659,0.6033938527107239
S5-q1-0341,5,q1,0.7076572775840759,0.7076570987701416,0.7109426259994507
S5-q1-0342,5,q1,0.1707121580839157,0.17071224749088287,0.19321000576019287
S5-q1-0343,5,q1,0.5185795426368713,0.5185795426368713,0.530726969242096
S5-q1-0344,5,q1,0.2777785658836365,0.27777859568595886,0.2894538938999176
S5-q1-0345,5,q1,0.22196920216083527,0.22196908295154572,0.2698376178741455
S5-q1-0346,5,q1,0.23254677653312683,0.23254670202732086,0.2507702112197876
S5-q1-0347,5,q1,0.38374945521354675,0.3837493658065796,0.4543588161468506
S5-q1-0348,5,q1,0.17934586107730865,0.17934583127498627,0.25816693902015686
S5-q1-0349,5,q1,0.6360924243927002,0.636092483997345,0.6437560319900513
S5-q1-0350,5,q1,-0.00037530032568611205,-0.0003754226490855217,0.10559685528278351
S5-q1-0351,5,q1,0.6347728967666626,0.6347729563713074,0.6452063322067261
S5-q1-0352,5,q1,0.5375143885612488,0.5375142097473145,0.550014317035675
S5-q1-0353,5,q1,0.6159456968307495,0.61594557762146,0.6314998269081116
S5-q1-0354,5,q1,0.36702674627304077,0.36702659726142883,0.4176748991012573
S5-q1-0355,5,q1,0.6101816296577454,0.6101815700531006,0.6402516961097717
S5-q1-0356,5,q1,0.11900682747364044,0.11900680512189865,0.1451304703950882
S5-q1-0357,5,q1,0.6159456968307495,0.61594557762146,0.6314998269081116
S5-q1-0358,5,q1,0.45036959648132324,0.45036959648132324,0.4963473975658417
S5-q1-0359,5,q1,0.07711994647979736,0.07711997628211975,0.2697022259235382
S5-q1-0360,5,q1,0.24102316796779633,0.24102310836315155,0.273618221282959
S5-q1-0361,5,q1,0.44314831495285034,0.44314828515052795,0.4927392601966858
S5-q1-0362,5,q1,0.5220773220062256,0.522077202796936,0.6222622394561768
S5-q1-0363,5,q1,-0.00728046428412199,-0.007280462421476841,0.2043764591217041
S5-q1-0364,5,q1,0.2777785658836365,0.27777859568595886,0.2894538938999176
S5-q1-0365,5,q1,0.29823213815689087,0.29823192954063416,0.37944117188453674
S5-q1-0366,5,q1,0.3943522274494171,0.39435210824012756,0.4419597089290619
S5-q1-0367,5,q1,0.5934824347496033,0.593482255935669,0.6688314080238342
S5-q1-0368,5,q1,0.6795092821121216,0.6795092225074768,0.6842794418334961
S5-q1-0369,5,q1,0.4145217537879944,0.4145217537879944,0.4482763707637787
S5-q1-0370,5,q1,0.6575000286102295,0.6575000286102295,0.7109441757202148
S5-q1-0371,5,q1,0.44063931703567505,0.44063931703567505,0.4626895785331726
S5-q1-0372,5,q1,0.7374314665794373,0.7374314665794373,0.7340668439865112
S5-q1-0373,5,q1,-0.006285781506448984,-0.006285811308771372,0.07964079827070236
S5-q1-0374,5,q1,-0.0475887656211853,-0.047588832676410675,0.15762734413146973
S5-q1-0375,5,q1,0.2871747612953186,0.28717467188835144,0.3227650225162506
S5-q1-0376,5,q1,0.387531578540802,0.38753148913383484,0.46160468459129333
S5-q1-0377,5,q1,0.5929169654846191,0.5929168462753296,0.6075084209442139
S5-q1-0378,5,q1,0.5648018717765808,0.5648017525672913,0.5633845329284668
S5-q1-0379,5,q1,0.2777785658836365,0.27777859568595886,0.2894538938999176
S5-q1-0380,5,q1,0.7076572775840759,0.7076570987701416,0.7109426259994507
S5-q1-0381,5,q1,0.2679383456707001,0.2679382562637329,0.24261759221553802
S5-q1-0382,5,q1,0.0678546205163002,0.0678546279668808,0.13211090862751007
S5-q1-0383,5,q1,0.5857366323471069,0.5857363939285278,0.6417458653450012
S5-q1-0384,5,q1,0.5531461834907532,0.5531460642814636,0.6140621900558472
S5-q1-0385,5,q1,0.5073081254959106,0.5073080658912659,0.6033938527107239
S5-q1-0386,5,q1,0.5935906171798706,0.5935903191566467,0.6499661803245544
S5-q1-0387,5,q1,0.2777785658836365,0.27777859568595886,0.2894538938999176
S5-q1-0388,5,q1,-0.00728046428412199,-0.007280462421476841,0.2043764591217041
S5-q1-0389,5,q1,0.6625199913978577,0.6625199317932129,0.6942846179008484
S5-q1-0390,5,q1,0.6253013610839844,0.6253012418746948,0.6663528680801392
S5-q1-0391,5,q1,0.5761610269546509,0.5761608481407166,0.6287397146224976
S5-q1-0392,5,q1,0.0426240898668766,0.04262412339448929,0.09842920303344727
S5-q1-0393,5,q1,0.05627548694610596,0.05627555027604103,0.06295926123857498
S5-q1-0394,5,q1,0.5768805146217346,0.5768805742263794,0.5881381630897522
S5-q1-0395,5,q1,0.3440649211406708,0.3440648317337036,0.37364861369132996
S5-q1-0396,5,q1,0.5073081254959106,0.5073080658912659,0.6033938527107239
S5-q1-0397,5,q1,0.5375151634216309,0.5375152826309204,0.5751946568489075
S5-q1-0398,5,q1,0.1270454078912735,0.1270453780889511,0.16736193001270294
S5-q1-0399,5,q1,0.5330016613006592,0.5330017805099487,0.5913428664207458
S5-q1-0400,5,q1,0.3341423273086548,0.33414226770401,0.3723197281360626
S5-q1-0401,5,q1,0.5929169654846191,0.5929168462753296,0.6075084209442139
S5-q1-0402,5,q1,0.10137105733156204,0.1013709008693695,0.1538776010274887
S5-q1-0403,5,q1,0.2923394739627838,0.29233938455581665,0.3171243965625763
S5-q1-0404,5,q1,0.13294924795627594,0.13294918835163116,0.20459751784801483
S5-q1-0405,5,q1,0.6363227367401123,0.6363227963447571,0.6429545283317566
S5-q1-0406,5,q1,0.18471385538578033,0.1847139447927475,0.2519982159137726
S5-q1-0407,5,q1,0.4633091688156128,0.46330901980400085,0.5134490132331848
S5-q1-0408,5,q1,-0.10861760377883911,-0.10861765593290329,0.11039067804813385
S5-q1-0409,5,q1,0.06724604219198227,0.0672459751367569,0.10167630016803741
S5-q1-0410,5,q1,0.6795092821121216,0.6795092225074768,0.6842794418334961
S5-q1-0411,5,q1,0.847632646560669,0.847632646560669,0.8431808352470398
S5-q1-0412,5,q1,0.19565990567207336,0.19565996527671814,0.21510210633277893
S5-q1-0413,5,q1,0.7076572775840759,0.7076570987701416,0.7109426259994507
S5-q1-0414,5,q1,0.5875898599624634,0.5875898003578186,0.662471354007721
S5-q1-0415,5,q1,0.8825045824050903,0.8825046420097351,0.8918039798736572
S5-q1-0416,5,q1,0.11795268952846527,0.11795267462730408,0.1636047512292862
S5-q1-0417,5,q1,0.48321282863616943,0.4832127094268799,0.5489361882209778
S5-q1-0418,5,q1,0.6363227367401123,0.6363227963447571,0.6429545283317566
S5-q1-0419,5,q1,0.46758052706718445,0.4675803780555725,0.539340078830719
S5-q1-0420,5,q1,0.604784369468689,0.604784369468689,0.6362773776054382
S5-q1-0421,5,q1,0.5508731007575989,0.5508729219436646,0.5792549848556519
S5-q1-0422,5,q1,0.09549502283334732,0.09549500793218613,0.13229189813137054
S5-q1-0423,5,q1,0.618272066116333,0.6182720065116882,0.6342132687568665
S5-q1-0424,5,q1,0.1984950602054596,0.19849500060081482,0.22198258340358734
S5-q1-0425,5,q1,0.0917435884475708,0.09174356609582901,0.1190245971083641
S5-q1-0426,5,q1,0.5761610269546509,0.5761608481407166,0.6287397146224976
S5-q1-0427,5,q1,0.5337195992469788,0.5337193608283997,0.5997626185417175
S5-q1-0428,5,q1,0.6038275957107544,0.6038274168968201,0.6828562021255493
S5-q1-0429,5,q1,0.4583713710308075,0.45837122201919556,0.5130342245101929
S5-q1-0430,5,q1,0.5757688879966736,0.5757686495780945,0.6271932721138
S5-q1-0431,5,q1,0.2713034451007843,0.2713032364845276,0.41967788338661194
S5-q1-0432,5,q1,0.6180675625801086,0.6180674433708191,0.6664918065071106
S5-q1-0433,5,q1,0.5200414657592773,0.5200414061546326,0.548576295375824
S5-q1-0434,5,q1,0.6795092821121216,0.6795092225074768,0.6842794418334961
S5-q1-0435,5,q1,0.6675695776939392,0.6675695180892944,0.7034958004951477
S5-q1-0436,5,q1,0.5465155839920044,0.5465153455734253,0.5960536003112793
S5-q1-0437,5,q1,0.21503178775310516,0.21503177285194397,0.3267287015914917
S5-q1-0438,5,q1,0.5073081254959106,0.5073080658912659,0.6033938527107239
S5-q1-0439,5,q1,-0.00728046428412199,-0.007280462421476841,0.2043764591217041
S5-q1-0440,5,q1,0.5761610269546509,0.5761608481407166,0.6287397146224976
S5-q1-0441,5,q1,0.5889674425125122,0.5889673233032227,0.6011369228363037
S5-q1-0442,5,q1,0.35295674204826355,0.3529565930366516,0.4287004768848419
S5-q1-0443,5,q1,0.5345426201820374,0.5345425009727478,0.570093035697937
S5-q1-0444,5,q1,0.5711944103240967,0.5711944103240967,0.6163237690925598
S5-q1-0445,5,q1,0.9235521554946899,0.9235520958900452,0.920762300491333
S5-q1-0446,5,q1,0.5465155839920044,0.5465153455734253,0.5960536003112793
S5-q1-0447,5,q1,0.2777785658836365,0.27777859568595886,0.2894538938999176
S5-q1-0448,5,q1,0.6377522945404053,0.6377522349357605,0.6426348686218262
S5-q1-0449,5,q1,0.24842707812786102,0.24842685461044312,0.31199800968170166
S5-q1-0450,5,q1,0.6038275957107544,0.6038274168968201,0.6828562021255493
S5-q1-0451,5,q1,0.5929169654846191,0.5929168462753296,0.6075084209442139
S5-q1-0452,5,q1,0.20255063474178314,0.20255063474178314,0.25398093461990356
S5-q1-0453,5,q1,0.3973992168903351,0.39739906787872314,0.43538185954093933
S5-q1-0454,5,q1,0.11350025236606598,0.11350014805793762,0.13648077845573425
S5-q1-0455,5,q1,0.5761610269546509,0.5761608481407166,0.6287397146224976
S5-q1-0456,5,q1,0.2777785658836365,0.27777859568595886,0.2894538938999176
S5-q1-0457,5,q1,-0.03497875854372978,-0.03497880697250366,0.1955009549856186
S5-q1-0458,5,q1,0.39435237646102905,0.39435216784477234,0.4480744004249573
S5-q1-0459,5,q1,0.9663832187652588,0.966383159160614,0.9647166132926941
S5-q1-0460,5,q1,0.43559160828590393,0.43559151887893677,0.4950980842113495
S5-q1-0461,5,q1,0.6478254795074463,0.6478252410888672,0.6675900816917419
S5-q1-0462,5,q1,0.19065441191196442,0.19065435230731964,0.28080031275749207
S5-q1-0463,5,q1,0.15930426120758057,0.15930427610874176,0.20691724121570587
S5-q1-0464,5,q1,0.5454763174057007,0.5454763174057007,0.6122928857803345
S5-q1-0465,5,q1,0.1460363119840622,0.146036297082901,0.1838749349117279
S5-q1-0466,5,q1,0.6082674264907837,0.6082672476768494,0.6238625049591064
S5-q1-0467,5,q1,0.5713936686515808,0.571393609046936,0.622053325176239
S5-q1-0468,5,q1,0.7191814184188843,0.7191814184188843,0.7471393346786499
S5-q1-0469,5,q1,0.3161049485206604,0.3161049485206604,0.3777480125427246
S5-q1-0470,5,q1,0.5761610269546509,0.5761608481407166,0.6287397146224976
S5-q1-0471,5,q1,0.19781693816184998,0.19781695306301117,0.18928739428520203
S5-q1-0472,5,q1,0.5512069463729858,0.5512068867683411,0.6294798254966736
S5-q1-0473,5,q1,0.23513349890708923,0.23513345420360565,0.2272472381591797
S5-q1-0474,5,q1,0.5929169654846191,0.5929168462753296,0.6075084209442139
S5-q1-0475,5,q1,0.284976989030838,0.2849771976470947,0.30231204628944397
S5-q1-0476,5,q1,0.5557464361190796,0.5557463765144348,0.6089279055595398
S5-q1-0477,5,q1,0.07627099752426147,0.0762709379196167,0.1075427234172821
S5-q1-0478,5,q1,0.4502031207084656,0.4502030909061432,0.4985581934452057
S5-q1-0479,5,q1,0.27137744426727295,0.27137741446495056,0.2756962478160858
S5-q1-0480,5,q1,0.5575962066650391,0.5575960278511047,0.6151778101921082
S5-q1-0481,5,q1,0.46445232629776,0.46445226669311523,0.5287342667579651
S5-q1-0482,5,q1,0.5682787299156189,0.5682785511016846,0.6351435780525208
S5-q1-0483,5,q1,-0.07302053272724152,-0.07302051782608032,0.08875793218612671
S5-q1-0484,5,q1,0.5716782808303833,0.5716781616210938,0.6067246198654175
S5-q1-0485,5,q1,0.5840903520584106,0.5840902328491211,0.6383757591247559
S5-q1-0486,5,q1,0.38374945521354675,0.3837493658065796,0.4543588161468506
S5-q1-0487,5,q1,0.6159456968307495,0.61594557762146,0.6314998269081116
S5-q1-0488,5,q1,0.6314859390258789,0.6314858794212341,0.6456767916679382
S5-q1-0489,5,q1,0.5029817819595337,0.5029816031455994,0.5434317588806152
S5-q1-0490,5,q1,0.6622950434684753,0.6622949838638306,0.6674532294273376
S5-q1-0491,5,q1,0.22633105516433716,0.22633111476898193,0.3176383972167969
S5-q1-0492,5,q1,0.5929169654846191,0.5929168462753296,0.6075084209442139
S5-q1-0493,5,q1,0.46405255794525146,0.4640524983406067,0.5084599852561951
S5-q1-0494,5,q1,0.3883996307849884,0.38839948177337646,0.4070155620574951
S5-q1-0495,5,q1,0.20278562605381012,0.2027854472398758,0.21442025899887085
S5-q1-0496,5,q1,0.2433752864599228,0.2433752864599228,0.24426311254501343
S5-q1-0497,5,q1,0.5531461834907532,0.5531460642814636,0.6140621900558472
S5-q1-0498,5,q1,0.5369404554367065,0.5369402766227722,0.5980154275894165
S5-q1-0499,5,q1,0.5259770750999451,0.5259770750999451,0.556535005569458
S5-q1-0500,5,q1,0.24102316796779633,0.24102310836315155,0.273618221282959
S5-q1-0501,5,q1,0.5268363356590271,0.526836097240448,0.5546932816505432
S5-q1-0502,5,q1,0.6147909760475159,0.6147909164428711,0.6419633030891418
S5-q1-0503,5,q1,0.6625199913978577,0.6625199317932129,0.6942846179008484
S5-q1-0504,5,q1,0.30867668986320496,0.3086765706539154,0.3217684030532837
S5-q1-0505,5,q1,0.5575962066650391,0.5575960278511047,0.6151778101921082
S5-q1-0506,5,q1,0.45896580815315247,0.4589657187461853,0.4405813217163086
S5-q1-0507,5,q1,0.43306994438171387,0.4330698549747467,0.4659465253353119
S5-q1-0508,5,q1,0.5755342245101929,0.5755341053009033,0.6021085381507874
S5-q1-0509,5,q1,0.6088492274284363,0.6088491082191467,0.6574546098709106
S5-q1-0510,5,q1,0.6056109070777893,0.6056109666824341,0.6294102072715759
S5-q1-0511,5,q1,0.2577194571495056,0.2577195465564728,0.263263076543808
S5-q1-0512,5,q1,0.6795092821121216,0.6795092225074768,0.6842794418334961
S5-q1-0513,5,q1,0.17355094850063324,0.17355090379714966,0.2327287346124649
S5-q1-0514,5,q1,0.14170370995998383,0.14170357584953308,0.20882102847099304
S5-q1-0515,5,q1,0.5761610269546509,0.5761608481407166,0.6287397146224976
S5-q1-0516,5,q1,0.5187037587165833,0.518703818321228,0.554220974445343
S5-q1-0517,5,q1,0.6363227367401123,0.6363227963447571,0.6429545283317566
S5-q1-0518,5,q1,0.30580422282218933,0.3058043122291565,0.3221363425254822
S5-q1-0519,5,q1,0.5508731007575989,0.5508729219436646,0.5792549848556519
S5-q1-0520,5,q1,0.7076572775840759,0.7076570987701416,0.7109426259994507
S5-q1-0521,5,q1,0.35427406430244446,0.3542739450931549,0.41572320461273193
S5-q1-0522,5,q1,-0.00037530032568611205,-0.0003754226490855217,0.10559685528278351
S5-q1-0523,5,q1,0.2777785658836365,0.27777859568595886,0.2894538938999176
S5-q1-0524,5,q1,0.12717202305793762,0.1271720975637436,0.1421448141336441
S5-q1-0525,5,q1,0.5929169654846191,0.5929168462753296,0.6075084209442139
S5-q1-0526,5,q1,0.5512069463729858,0.5512068867683411,0.6294798254966736
S5-q1-0527,5,q1,0.3933112919330597,0.3933110535144806,0.43911659717559814
S5-q1-0528,5,q1,0.023431699723005295,0.023431643843650818,0.07452935725450516
S5-q1-0529,5,q1,0.3893789052963257,0.3893786668777466,0.41666942834854126
S5-q1-0530,5,q1,0.151155024766922,0.15115489065647125,0.20371831953525543
S5-q1-0531,5,q1,0.3352370858192444,0.3352370262145996,0.3850490152835846
S5-q1-0532,5,q1,0.6625199913978577,0.6625199317932129,0.6942846179008484
S5-q1-0533,5,q1,0.6795092821121216,0.6795092225074768,0.6842794418334961
S5-q1-0534,5,q1,0.5929169654846191,0.5929168462753296,0.6075084209442139
S5-q1-0535,5,q1,0.5761610269546509,0.5761608481407166,0.6287397146224976
S5-q1-0536,5,q1,0.20824415981769562,0.20824405550956726,0.2801607549190521
S5-q1-0537,5,q1,0.2433752864599228,0.2433752864599228,0.24426311254501343
S5-q1-0538,5,q1,0.7076572775840759,0.7076570987701416,0.7109426259994507
S5-q1-0539,5,q1,0.32140830159187317,0.321408212184906,0.39287254214286804
S5-q1-0540,5,q1,0.2777785658836365,0.27777859568595886,0.2894538938999176
S5-q1-0541,5,q1,0.6795092821121216,0.6795092225074768,0.6842794418334961
S5-q1-0542,5,q1,0.582694411277771,0.5826942324638367,0.6495919227600098
S5-q1-0543,5,q1,0.3348497450351715,0.3348497152328491,0.3592855632305145
S5-q1-0544,5,q1,0.5320547819137573,0.5320547223091125,0.5562806725502014
S5-q1-0545,5,q1,0.03788089379668236,0.03788081929087639,0.18803946673870087
S5-q1-0546,5,q1,0.11616107076406479,0.11616107821464539,0.16694530844688416
S5-q1-0547,5,q1,0.6793286204338074,0.6793286204338074,0.6739217042922974
S5-q1-0548,5,q1,-0.00728046428412199,-0.007280462421476841,0.2043764591217041
S5-q1-0549,5,q1,0.15334667265415192,0.1533467173576355,0.2049868106842041
S5-q1-0550,5,q1,0.6363227367401123,0.6363227963447571,0.6429545283317566
S5-q1-0551,5,q1,0.5450078845024109,0.5450078845024109,0.6056249141693115
S5-q1-0552,5,q1,0.5478417277336121,0.5478417277336121,0.5902950763702393
S5-q1-0553,5,q1,0.6625796556472778,0.6625795960426331,0.7697252631187439
S5-q1-0554,5,q1,0.37790971994400024,0.37790945172309875,0.4160982668399811
S5-q1-0555,5,q1,-0.00728046428412199,-0.007280462421476841,0.2043764591217041
S5-q1-0556,5,q1,0.5604743957519531,0.5604742765426636,0.6224430203437805
S5-q1-0557,5,q1,0.22804804146289825,0.2280481606721878,0.2982308268547058
S5-q1-0558,5,q1,0.5450078845024109,0.5450078845024109,0.6056249141693115
S5-q1-0559,5,q1,0.6625199913978577,0.6625199317932129,0.6942846179008484
S5-q1-0560,5,q1,0.5929169654846191,0.5929168462753296,0.6075084209442139
S5-q1-0561,5,q1,0.6393802165985107,0.6393800973892212,0.6603082418441772
S5-q1-0562,5,q1,0.5465155839920044,0.5465153455734253,0.5960536003112793
S5-q1-0563,5,q1,0.5929169654846191,0.5929168462753296,0.6075084209442139
S5-q1-0564,5,q1,0.08718857169151306,0.08718854933977127,0.15748971700668335
S5-q1-0565,5,q1,-0.0805007591843605,-0.08050085604190826,0.15471872687339783
S5-q1-0566,5,q1,0.6480345726013184,0.6480345726013184,0.6863772869110107
S5-q1-0567,5,q1,0.5713936686515808,0.571393609046936,0.622053325176239
S5-q1-0568,5,q1,0.6032134890556335,0.6032133102416992,0.6698790788650513
S5-q1-0569,5,q1,0.6363227367401123,0.6363227963447571,0.6429545283317566
S5-q1-0570,5,q1,0.6448704600334167,0.6448705196380615,0.6878173351287842
S5-q1-0571,5,q1,0.5512069463729858,0.5512068867683411,0.6294798254966736
S5-q1-0572,5,q1,0.5761610269546509,0.5761608481407166,0.6287397146224976
S5-q1-0573,5,q1,0.2300126701593399,0.23001255095005035,0.2606583535671234
S5-q1-0574,5,q1,0.4965308606624603,0.4965307414531708,0.5216003060340881
S5-q1-0575,5,q1,0.06724604219198227,0.0672459751367569,0.10167630016803741
S5-q1-0576,5,q1,0.23609304428100586,0.23609308898448944,0.26055943965911865
S5-q1-0577,5,q1,0.2433752864599228,0.2433752864599228,0.24426311254501343
S5-q1-0578,5,q1,-0.0618818923830986,-0.061882004141807556,0.08503632247447968
S5-q1-0579,5,q1,0.09189407527446747,0.09189402312040329,0.16479593515396118
S5-q1-0580,5,q1,0.956176221370697,0.9561762809753418,0.9563835263252258
S5-q1-0581,5,q1,0.5610867738723755,0.5610865950584412,0.5549112558364868
S5-q1-0582,5,q1,0.6312282681465149,0.6312282085418701,0.6424896717071533
S5-q1-0583,5,q1,0.2777785658836365,0.27777859568595886,0.2894538938999176
S5-q1-0584,5,q1,0.6625199913978577,0.6625199317932129,0.6942846179008484
S5-q1-0585,5,q1,0.5838176608085632,0.5838176012039185,0.6683518886566162
S5-q1-0586,5,q1,0.1460363119840622,0.146036297082901,0.1838749349117279
S5-q1-0587,5,q1,0.10267455875873566,0.10267448425292969,0.12122441083192825
S5-q1-0588,5,q1,0.5073081254959106,0.5073080658912659,0.6033938527107239
S5-q1-0589,5,q1,0.6363227367401123,0.6363227963447571,0.6429545283317566
S5-q1-0590,5,q1,0.08728504180908203,0.08728494495153427,0.1558694690465927
S5-q1-0591,5,q1,0.41564831137657166,0.4156482219696045,0.444685697555542
S5-q1-0592,5,q1,0.5508731007575989,0.5508729219436646,0.5792549848556519
S5-q1-0593,5,q1,0.38374945521354675,0.3837493658065796,0.4543588161468506
S5-q1-0594,5,q1,0.6323578953742981,0.6323578953742981,0.641363263130188
S5-q1-0595,5,q1,0.37166133522987366,0.37166133522987366,0.3641083240509033
S5-q1-0596,5,q1,0.39280954003334045,0.3928093910217285,0.457950234413147
S5-q1-0597,5,q1,0.5761610269546509,0.5761608481407166,0.6287397146224976
S5-q1-0598,5,q1,0.09813575446605682,0.09813567996025085,0.20368942618370056
S5-q1-0599,5,q1,0.21692459285259247,0.21692439913749695,0.3029049038887024
S5-q1-0600,5,q1,0.2713034451007843,0.2713032364845276,0.41967788338661194
S5-q1-0601,5,q1,0.7312368750572205,0.7312367558479309,0.7339127063751221
S5-q1-0602,5,q1,0.1270454078912735,0.1270453780889511,0.16736193001270294
S5-q1-0603,5,q1,0.45036959648132324,0.45036959648132324,0.4963473975658417
S5-q1-0604,5,q1,0.05199141800403595,0.05199144408106804,0.19355493783950806
S5-q1-0605,5,q1,0.600283145904541,0.6002829074859619,0.6086810231208801
S5-q1-0606,5,q1,0.39364856481552124,0.39364826679229736,0.4205527901649475
S5-q1-0607,5,q1,0.5929169654846191,0.5929168462753296,0.6075084209442139
S5-q1-0608,5,q1,0.2777785658836365,0.27777859568595886,0.2894538938999176
S5-q1-0609,5,q1,0.15203718841075897,0.1520371288061142,0.1402711272239685
S5-q1-0610,5,q1,0.5761610269546509,0.5761608481407166,0.6287397146224976
S5-q1-0611,5,q1,0.5670459270477295,0.5670459270477295,0.5808863639831543
S5-q1-0612,5,q1,0.6363227367401123,0.6363227963447571,0.6429545283317566
S5-q1-0613,5,q1,0.1984950602054596,0.19849500060081482,0.22198258340358734
S5-q1-0614,5,q1,0.4541819989681244,0.45418182015419006,0.4990066587924957
S5-q1-0615,5,q1,0.634052038192749,0.6340520977973938,0.6468480825424194
S5-q1-0616,5,q1,0.6270992755889893,0.6270990967750549,0.6466141939163208
S5-q1-0617,5,q1,0.10972239822149277,0.10972242057323456,0.16285653412342072
S5-q1-0618,5,q1,0.5575962066650391,0.5575960278511047,0.6151778101921082
S5-q1-0619,5,q1,0.6167314648628235,0.6167314052581787,0.64068603515625
S5-q1-0620,5,q1,0.6017497181892395,0.6017495393753052,0.6573017239570618
S5-q1-0621,5,q1,0.9127820730209351,0.9127821326255798,0.910346269607544
S5-q1-0622,5,q1,0.5531461834907532,0.5531460642814636,0.6140621900558472
S5-q1-0623,5,q1,0.5575962066650391,0.5575960278511047,0.6151778101921082
S5-q1-0624,5,q1,0.1270454078912735,0.1270453780889511,0.16736193001270294
S5-q1-0625,5,q1,-0.00728046428412199,-0.007280462421476841,0.2043764591217041
S5-q1-0626,5,q1,0.9332476258277893,0.9332476258277893,0.9372473955154419
S5-q1-0627,5,q1,0.5761610269546509,0.5761608481407166,0.6287397146224976
S5-q1-0628,5,q1,0.02264096960425377,0.02264098823070526,0.09715887904167175
S5-q1-0629,5,q1,0.2433752864599228,0.2433752864599228,0.24426311254501343
S5-q1-0630,5,q1,0.5380696058273315,0.5380694270133972,0.5954827666282654
S5-q1-0631,5,q1,0.6225731372833252,0.6225730776786804,0.6460041999816895
S5-q1-0632,5,q1,0.6023818254470825,0.602381706237793,0.6531004309654236
S5-q1-0633,5,q1,0.2391260862350464,0.2391260266304016,0.2700962424278259
S5-q1-0634,5,q1,0.5309278964996338,0.5309279561042786,0.5647147297859192
S5-q1-0635,5,q1,0.5375143885612488,0.5375142097473145,0.550014317035675
S5-q1-0636,5,q1,0.5157456994056702,0.5157456994056702,0.5408652424812317
S5-q1-0637,5,q1,0.9240025281906128,0.924002468585968,0.9218673706054688
S5-q1-0638,5,q1,0.9235521554946899,0.9235520958900452,0.920762300491333
S5-q1-0639,5,q1,0.5575962066650391,0.5575960278511047,0.6151778101921082
S5-q1-0640,5,q1,0.8825045824050903,0.8825046420097351,0.8918039798736572
S5-q1-0641,5,q1,0.38374945521354675,0.3837493658065796,0.4543588161468506
S5-q1-0642,5,q1,0.478084534406662,0.478084534406662,0.5213969349861145
S5-q1-0643,5,q1,-0.00728046428412199,-0.007280462421476841,0.2043764591217041
S5-q1-0644,5,q1,0.6159456968307495,0.61594557762146,0.6314998269081116
S5-q1-0645,5,q1,0.23418070375919342,0.23418064415454865,0.2530957758426666
S5-q1-0646,5,q1,0.6795092821121216,0.6795092225074768,0.6842794418334961
S5-q1-0647,5,q1,0.40433964133262634,0.4043395221233368,0.44854554533958435
S5-q1-0648,5,q1,0.5400757193565369,0.5400754809379578,0.6678037047386169
S5-q1-0649,5,q1,0.28906071186065674,0.28906068205833435,0.3757329285144806
S5-q1-0650,5,q1,0.5722395181655884,0.5722393989562988,0.6029165387153625
S5-q1-0651,5,q1,0.5073081254959106,0.5073080658912659,0.6033938527107239
S5-q1-0652,5,q1,0.5687116980552673,0.568711519241333,0.6416044235229492
S5-q1-0653,5,q1,0.347114622592926,0.347114622592926,0.4227542281150818
S5-q1-0654,5,q1,0.008911765180528164,0.008911793120205402,0.15477117896080017
S5-q1-0655,5,q1,0.5008208751678467,0.5008207559585571,0.5643370747566223
S5-q1-0656,5,q1,0.5840903520584106,0.5840902328491211,0.6383757591247559
S5-q1-0657,5,q1,0.057613272219896317,0.05761326476931572,0.10029242187738419
S5-q1-0658,5,q1,0.09623147547245026,0.09623143821954727,0.16262955963611603
S5-q1-0659,5,q1,0.3659743070602417,0.3659742474555969,0.4064617156982422
S5-q1-0660,5,q1,0.3560570180416107,0.3560568392276764,0.37914273142814636
S5-q1-0661,5,q1,0.8733790516853333,0.8733788728713989,0.8703338503837585
S5-q1-0662,5,q1,0.4754992723464966,0.4754992425441742,0.5216846466064453
S5-q1-0663,5,q1,0.28943637013435364,0.2894364595413208,0.3064492344856262
S5-q1-0664,5,q1,0.5929169654846191,0.5929168462753296,0.6075084209442139
S5-q1-0665,5,q1,0.6159456968307495,0.61594557762146,0.6314998269081116
S5-q1-0666,5,q1,0.08637949079275131,0.08637949079275131,0.10673012584447861
S5-q1-0667,5,q1,0.3213542103767395,0.32135409116744995,0.3923506438732147
S5-q1-0668,5,q1,0.582694411277771,0.5826942324638367,0.6495919227600098
S5-q1-0669,5,q1,0.5929169654846191,0.5929168462753296,0.6075084209442139
S5-q1-0670,5,q1,0.024512803182005882,0.024512773379683495,0.19848264753818512
S5-q1-0671,5,q1,0.38007283210754395,0.3800726532936096,0.3932672441005707
S5-q1-0672,5,q1,0.5570454597473145,0.5570454001426697,0.5820130705833435
S5-q1-0673,5,q1,0.24102316796779633,0.24102310836315155,0.273618221282959
S5-q1-0674,5,q1,0.10067980736494064,0.10067980736494064,0.12283220142126083
S5-q1-0675,5,q1,0.7191814184188843,0.7191814184188843,0.7471393346786499
S5-q1-0676,5,q1,0.47151216864585876,0.471512109041214,0.5292359590530396
S5-q1-0677,5,q1,0.5557464361190796,0.5557463765144348,0.6089279055595398
S5-q1-0678,5,q1,0.5761610269546509,0.5761608481407166,0.6287397146224976
S5-q1-0679,5,q1,0.7358580231666565,0.7358579039573669,0.7320601344108582
S5-q1-0680,5,q1,0.6567118167877197,0.656711757183075,0.6682438254356384
S5-q1-0681,5,q1,0.6931141018867493,0.6931140422821045,0.7319751977920532
S5-q1-0682,5,q1,0.7076572775840759,0.7076570987701416,0.7109426259994507
S5-q1-0683,5,q1,0.19227543473243713,0.192275270819664,0.21853867173194885
S5-q1-0684,5,q1,0.5761610269546509,0.5761608481407166,0.6287397146224976
S5-q1-0685,5,q1,0.6056109070777893,0.6056109666824341,0.6294102072715759
S5-q1-0686,5,q1,0.015274250879883766,0.015274309553205967,0.11002810299396515
S5-q1-0687,5,q1,0.13293004035949707,0.132930189371109,0.26819926500320435
S5-q1-0688,5,q1,0.5761610269546509,0.5761608481407166,0.6287397146224976
S5-q1-0689,5,q1,0.5512069463729858,0.5512068867683411,0.6294798254966736
S5-q1-0690,5,q1,0.3417947590351105,0.34179484844207764,0.38843661546707153
S5-q1-0691,5,q1,0.3943522274494171,0.39435210824012756,0.4419597089290619
S5-q1-0692,5,q1,0.6363227367401123,0.6363227963447571,0.6429545283317566
S5-q1-0693,5,q1,0.6605684757232666,0.660568356513977,0.6649966239929199
S5-q1-0694,5,q1,0.5929169654846191,0.5929168462753296,0.6075084209442139
S5-q1-0695,5,q1,0.15477074682712555,0.1547706425189972,0.177338108420372
S5-q1-0696,5,q1,0.5375143885612488,0.5375142097473145,0.550014317035675
S5-q1-0697,5,q1,0.3030635416507721,0.30306363105773926,0.30318766832351685
S5-q1-0698,5,q1,0.6795092821121216,0.6795092225074768,0.6842794418334961
S5-q1-0699,5,q1,-0.0805007591843605,-0.08050085604190826,0.15471872687339783
S5-q1-0700,5,q1,0.5073081254959106,0.5073080658912659,0.6033938527107239
S5-q1-0701,5,q1,0.7463892698287964,0.7463892698287964,0.7428025007247925
S5-q1-0702,5,q1,0.6347728967666626,0.6347729563713074,0.6452063322067261
S5-q1-0703,5,q1,0.6625199913978577,0.6625199317932129,0.6942846179008484
S5-q1-0704,5,q1,0.5259770750999451,0.5259770750999451,0.556535005569458
S5-q1-0705,5,q1,0.553821861743927,0.5538217425346375,0.6231576204299927
S5-q1-0706,5,q1,0.5840903520584106,0.5840902328491211,0.6383757591247559
S5-q1-0707,5,q1,0.6345199346542358,0.6345199346542358,0.6462841629981995
S5-q1-0708,5,q1,0.5580320954322815,0.5580320954322815,0.6115076541900635
S5-q1-0709,5,q1,0.6147909760475159,0.6147909164428711,0.6419633030891418
S5-q1-0710,5,q1,0.4122958183288574,0.4122956395149231,0.44237321615219116
S5-q1-0711,5,q1,0.6348655819892883,0.6348654627799988,0.6507265567779541
S5-q1-0712,5,q1,0.6048606038093567,0.6048604249954224,0.6450086236000061
S5-q1-0713,5,q1,0.1987810730934143,0.1987810730934143,0.2419489473104477
S5-q1-0714,5,q1,0.45081934332847595,0.450819194316864,0.5070444941520691
S5-q1-0715,5,q1,0.22804804146289825,0.2280481606721878,0.2982308268547058
S5-q1-0716,5,q1,0.03920751065015793,0.039207592606544495,0.05626088008284569
S5-q1-0717,5,q1,0.5761610269546509,0.5761608481407166,0.6287397146224976
S5-q1-0718,5,q1,0.36744481325149536,0.3674446642398834,0.3735034763813019
S5-q1-0719,5,q1,0.1335235834121704,0.1335236132144928,0.1616627424955368
S5-q1-0720,5,q1,0.1791982650756836,0.17919819056987762,0.22549985349178314
S5-q1-0721,5,q1,0.6625199913978577,0.6625199317932129,0.6942846179008484
S5-q1-0722,5,q1,0.6209322810173035,0.6209322214126587,0.6793141961097717
S5-q1-0723,5,q1,-0.00728046428412199,-0.007280462421476841,0.2043764591217041
S5-q1-0724,5,q1,0.530647873878479,0.5306477546691895,0.5439147353172302
S5-q1-0725,5,q1,0.6363227367401123,0.6363227963447571,0.6429545283317566
S5-q1-0726,5,q1,0.6896452903747559,0.6896450519561768,0.7112201452255249
S5-q1-0727,5,q1,0.5552595853805542,0.5552595853805542,0.5906791687011719
S5-q1-0728,5,q1,0.5911841988563538,0.5911840796470642,0.6508028507232666
S5-q1-0729,5,q1,0.1987810730934143,0.1987810730934143,0.2419489473104477
S5-q1-0730,5,q1,0.2535766363143921,0.25357669591903687,0.28643399477005005
S5-q1-0731,5,q1,0.3292624354362488,0.32926225662231445,0.3887960910797119
S5-q1-0732,5,q1,0.6032134890556335,0.6032133102416992,0.6698790788650513
S5-q1-0733,5,q1,0.2733719050884247,0.27337175607681274,0.40868911147117615
S5-q1-0734,5,q1,0.5408306121826172,0.5408306121826172,0.5520913004875183
S5-q1-0735,5,q1,0.24102316796779633,0.24102310836315155,0.273618221282959
S5-q1-0736,5,q1,0.5624191164970398,0.5624191164970398,0.6165374517440796
S5-q1-0737,5,q1,-0.00728046428412199,-0.007280462421476841,0.2043764591217041
S5-q1-0738,5,q1,0.6159456968307495,0.61594557762146,0.6314998269081116
S5-q1-0739,5,q1,0.5263593792915344,0.5263593196868896,0.6232306361198425
S5-q1-0740,5,q1,0.5761610269546509,0.5761608481407166,0.6287397146224976
S5-q1-0741,5,q1,0.3010270595550537,0.3010268807411194,0.3472733497619629
S5-q1-0742,5,q1,0.46445232629776,0.46445226669311523,0.5287342667579651
S5-q1-0743,5,q1,0.0845785140991211,0.0845784842967987,0.11401107162237167
S5-q1-0744,5,q1,0.8870291113853455,0.887029230594635,0.9092733860015869
S5-q1-0745,5,q1,0.5433700084686279,0.5433698892593384,0.5864549875259399
S5-q1-0746,5,q1,0.5531461834907532,0.5531460642814636,0.6140621900558472
S5-q1-0747,5,q1,0.10753840208053589,0.10753827542066574,0.1540767252445221
S5-q1-0748,5,q1,0.7293328046798706,0.7293328642845154,0.7954676747322083
S5-q1-0749,5,q1,0.03442281484603882,0.03442290425300598,0.07239936292171478
S5-q1-0750,5,q1,-0.05621708929538727,-0.05621693655848503,0.173638254404068
S5-q1-0751,5,q1,0.5086049437522888,0.5086048245429993,0.5183272957801819
S5-q1-0752,5,q1,0.5404121279716492,0.5404121279716492,0.6221364140510559
S5-q1-0753,5,q1,0.07987846434116364,0.07987853139638901,0.30233049392700195
S5-q1-0754,5,q1,0.1871209740638733,0.1871209740638733,0.1903892159461975
S5-q1-0755,5,q1,0.03442281484603882,0.03442290425300598,0.07239936292171478
S5-q1-0756,5,q1,0.32173314690589905,0.32173293828964233,0.3448506295681
S5-q1-0757,5,q1,0.8247140645980835,0.8247140645980835,0.8429327607154846
S5-q1-0758,5,q1,0.5512069463729858,0.5512068867683411,0.6294798254966736
S5-q1-0759,5,q1,0.5165724754333496,0.5165722370147705,0.6553247570991516
S5-q1-0760,5,q1,0.2433752864599228,0.2433752864599228,0.24426311254501343
S5-q1-0761,5,q1,0.03442281484603882,0.03442290425300598,0.07239936292171478
S5-q1-0762,5,q1,0.7076572775840759,0.7076570987701416,0.7109426259994507
S5-q1-0763,5,q1,0.6822316646575928,0.6822315454483032,0.6886999607086182
S5-q1-0764,5,q1,0.5902329683303833,0.5902328491210938,0.6189857721328735
S5-q1-0765,5,q1,0.3528657853603363,0.35286563634872437,0.440354585647583
S5-q1-0766,5,q1,0.2777785658836365,0.27777859568595886,0.2894538938999176
S5-q1-0767,5,q1,0.004764215555042028,0.0047642625868320465,0.13715216517448425
S5-q1-0768,5,q1,0.598118782043457,0.5981186032295227,0.6127706170082092
S5-q1-0769,5,q1,0.5536616444587708,0.5536615252494812,0.5820110440254211
S5-q1-0770,5,q1,0.35188937187194824,0.3518892824649811,0.3933967351913452
S5-q1-0771,5,q1,0.13519780337810516,0.13519783318042755,0.16495876014232635
S5-q1-0772,5,q1,0.582694411277771,0.5826942324638367,0.6495919227600098
S5-q1-0773,5,q1,0.19781693816184998,0.19781695306301117,0.18928739428520203
S5-q1-0774,5,q1,0.5441304445266724,0.5441301465034485,0.5869303345680237
S5-q1-0775,5,q1,0.4123508334159851,0.41235068440437317,0.4530808627605438
S5-q1-0776,5,q1,0.6159456968307495,0.61594557762146,0.6314998269081116
S5-q1-0777,5,q1,0.43559160828590393,0.43559151887893677,0.4950980842113495
S5-q1-0778,5,q1,0.6159456968307495,0.61594557762146,0.6314998269081116
S5-q1-0779,5,q1,0.6629493832588196,0.6629492044448853,0.6873175501823425
S5-q1-0780,5,q1,0.7076572775840759,0.7076570987701416,0.7109426259994507
S5-q1-0781,5,q1,0.43863075971603394,0.4386305510997772,0.5112511515617371
S5-q1-0782,5,q1,0.786903440952301,0.7869032621383667,0.7984196543693542
S5-q1-0783,5,q1,0.151155024766922,0.15115489065647125,0.20371831953525543
S5-q1-0784,5,q1,0.6159456968307495,0.61594557762146,0.6314998269081116
S5-q1-0785,5,q1,0.05199141800403595,0.05199144408106804,0.19355493783950806
S5-q1-0786,5,q1,0.21426662802696228,0.21426653861999512,0.2681586742401123
S5-q1-0787,5,q1,0.6159456968307495,0.61594557762146,0.6314998269081116
S5-q1-0788,5,q1,0.433531790971756,0.4335317313671112,0.4896577298641205
S5-q1-0789,5,q1,-0.00728046428412199,-0.007280462421476841,0.2043764591217041
S5-q1-0790,5,q1,0.2964647114276886,0.2964646816253662,0.3167056441307068
S5-q1-0791,5,q1,0.7476162314414978,0.7476161122322083,0.7458904385566711
S5-q1-0792,5,q1,0.45081934332847595,0.450819194316864,0.5070444941520691
S5-q1-0793,5,q1,0.5999240279197693,0.5999240875244141,0.6778106689453125
S5-q1-0794,5,q1,0.6041207909584045,0.6041208505630493,0.667478084564209
S5-q1-0795,5,q1,0.6312282681465149,0.6312282085418701,0.6424896717071533
S5-q1-0796,5,q1,-0.00728046428412199,-0.007280462421476841,0.2043764591217041
S5-q1-0797,5,q1,0.6625199913978577,0.6625199317932129,0.6942846179008484
S5-q1-0798,5,q1,-0.024492455646395683,-0.02449249103665352,0.09171955287456512
S5-q1-0799,5,q1,0.573183536529541,0.5731833577156067,0.5918689370155334
S5-q1-0800,5,q1,0.1460363119840622,0.146036297082901,0.1838749349117279
S5-q1-0801,5,q1,0.37617766857147217,0.3761775493621826,0.42105934023857117
S5-q1-0802,5,q1,-0.00728046428412199,-0.007280462421476841,0.2043764591217041
S5-q1-0803,5,q1,0.3296366035938263,0.32963648438453674,0.3558318316936493
S5-q1-0804,5,q1,0.7064244747161865,0.706424355506897,0.7419348359107971
S5-q1-0805,5,q1,0.1730995923280716,0.17309962213039398,0.1888236403465271
S5-q1-0806,5,q1,0.600283145904541,0.6002829074859619,0.6086810231208801
S5-q1-0807,5,q1,0.2777785658836365,0.27777859568595886,0.2894538938999176
S5-q1-0808,5,q1,0.5345426201820374,0.5345425009727478,0.570093035697937
S5-q1-0809,5,q1,0.35156506299972534,0.3515651226043701,0.3464130163192749
S5-q1-0810,5,q1,0.6416955590248108,0.6416953802108765,0.7065066695213318
S5-q1-0811,5,q1,0.03920751065015793,0.039207592606544495,0.05626088008284569
S5-q1-0812,5,q1,0.5936282277107239,0.5936281681060791,0.6238829493522644
S5-q1-0813,5,q1,-0.005797471851110458,-0.005797462537884712,0.11527857184410095
S5-q1-0814,5,q1,0.6456852555274963,0.6456851959228516,0.6814923286437988
S5-q1-0815,5,q1,0.19781693816184998,0.19781695306301117,0.18928739428520203
S5-q1-0816,5,q1,0.21426662802696228,0.21426653861999512,0.2681586742401123
S5-q1-0817,5,q1,0.22722956538200378,0.22722944617271423,0.25078216195106506
S5-q1-0818,5,q1,0.5524764060974121,0.5524762868881226,0.5956963896751404
S5-q1-0819,5,q1,0.2535766363143921,0.25357669591903687,0.28643399477005005
S5-q1-0820,5,q1,0.6795092821121216,0.6795092225074768,0.6842794418334961
S5-q1-0821,5,q1,0.24102316796779633,0.24102310836315155,0.273618221282959
S5-q1-0822,5,q1,0.0302568506449461,0.03025684505701065,0.15125282108783722
S5-q1-0823,5,q1,-0.00728046428412199,-0.007280462421476841,0.2043764591217041
S5-q1-0824,5,q1,0.1984950602054596,0.19849500060081482,0.22198258340358734
S5-q1-0825,5,q1,0.07666781544685364,0.07666786015033722,0.23608066141605377
S5-q1-0826,5,q1,0.6159456968307495,0.61594557762146,0.6314998269081116
S5-q1-0827,5,q1,0.2535766363143921,0.25357669591903687,0.28643399477005005
S5-q1-0828,5,q1,0.654705822467804,0.6547057628631592,0.66606605052948
S5-q1-0829,5,q1,0.24102316796779633,0.24102310836315155,0.273618221282959
S5-q1-0830,5,q1,-0.0805007591843605,-0.08050085604190826,0.15471872687339783
S5-q1-0831,5,q1,0.5946809649467468,0.5946807265281677,0.6098261475563049
S5-q1-0832,5,q1,0.1270454078912735,0.1270453780889511,0.16736193001270294
S5-q1-0833,5,q1,0.5624191164970398,0.5624191164970398,0.6165374517440796
S5-q1-0834,5,q1,0.5358030796051025,0.5358028411865234,0.6456076502799988
S5-q1-0835,5,q1,0.6320728659629822,0.6320728063583374,0.6897128820419312
S5-q1-0836,5,q1,0.5761610269546509,0.5761608481407166,0.6287397146224976
S5-q1-0837,5,q1,0.5531461834907532,0.5531460642814636,0.6140621900558472
S5-q1-0838,5,q1,0.015274250879883766,0.015274309553205967,0.11002810299396515
S5-q1-0839,5,q1,0.6456852555274963,0.6456851959228516,0.6814923286437988
S5-q1-0840,5,q1,0.5450078845024109,0.5450078845024109,0.6056249141693115
S5-q1-0841,5,q1,0.44085806608200073,0.44085803627967834,0.48081281781196594
S5-q1-0842,5,q1,0.6363227367401123,0.6363227963447571,0.6429545283317566
S5-q1-0843,5,q1,0.4450395107269287,0.4450395107269287,0.45639556646347046
S5-q1-0844,5,q1,0.5929169654846191,0.5929168462753296,0.6075084209442139
S5-q1-0845,5,q1,0.582694411277771,0.5826942324638367,0.6495919227600098
S5-q1-0846,5,q1,0.5761610269546509,0.5761608481407166,0.6287397146224976
S5-q1-0847,5,q1,0.5375143885612488,0.5375142097473145,0.550014317035675
S5-q1-0848,5,q1,0.6479447484016418,0.6479445099830627,0.6657688021659851
S5-q1-0849,5,q1,0.5201842188835144,0.5201842784881592,0.5550119876861572
S5-q1-0850,5,q1,0.11480027437210083,0.11480027437210083,0.14289945363998413
S5-q1-0851,5,q1,0.5929169654846191,0.5929168462753296,0.6075084209442139
S5-q1-0852,5,q1,0.09630116820335388,0.09630116820335388,0.13851645588874817
S5-q1-0853,5,q1,0.786903440952301,0.7869032621383667,0.7984196543693542
S5-q1-0854,5,q1,0.35188937187194824,0.3518892824649811,0.3933967351913452
S5-q1-0855,5,q1,0.2777785658836365,0.27777859568595886,0.2894538938999176
S5-q1-0856,5,q1,0.7076572775840759,0.7076570987701416,0.7109426259994507
S5-q1-0857,5,q1,0.5610867738723755,0.5610865950584412,0.5549112558364868
S5-q1-0858,5,q1,0.37617766857147217,0.3761775493621826,0.42105934023857117
S5-q1-0859,5,q1,0.5449877977371216,0.5449877381324768,0.5849592685699463
S5-q1-0860,5,q1,0.6032134890556335,0.6032133102416992,0.6698790788650513
S5-q1-0861,5,q1,0.5757113695144653,0.5757113099098206,0.6080425977706909
S5-q1-0862,5,q1,0.03581403195858002,0.03581421077251434,0.05859983712434769
S5-q1-0863,5,q1,0.5386523008346558,0.5386523008346558,0.5926180481910706
S5-q1-0864,5,q1,0.2153535932302475,0.21535350382328033,0.27368319034576416
S5-q1-0865,5,q1,0.13398313522338867,0.1339830905199051,0.2036021649837494
S5-q1-0866,5,q1,0.6461707949638367,0.6461707353591919,0.6717535257339478
S5-q1-0867,5,q1,0.5557464361190796,0.5557463765144348,0.6089279055595398
S5-q1-0868,5,q1,0.3868634104728699,0.3868631422519684,0.4188249707221985
S5-q1-0869,5,q1,0.47526898980140686,0.4752689301967621,0.5009007453918457
S5-q1-0870,5,q1,0.5158122181892395,0.5158122181892395,0.5694635510444641
S5-q1-0871,5,q1,0.03920751065015793,0.039207592606544495,0.05626088008284569
S5-q1-0872,5,q1,0.5259770750999451,0.5259770750999451,0.556535005569458
S5-q1-0873,5,q1,-0.00728046428412199,-0.007280462421476841,0.2043764591217041
S5-q1-0874,5,q1,0.5761610269546509,0.5761608481407166,0.6287397146224976
S5-q1-0875,5,q1,0.5929169654846191,0.5929168462753296,0.6075084209442139
S5-q1-0876,5,q1,0.5544275045394897,0.5544273853302002,0.6342777609825134
S5-q1-0877,5,q1,0.24102316796779633,0.24102310836315155,0.273618221282959
S5-q1-0878,5,q1,-0.00728046428412199,-0.007280462421476841,0.2043764591217041
S5-q1-0879,5,q1,0.6625199913978577,0.6625199317932129,0.6942846179008484
S5-q1-0880,5,q1,0.015274250879883766,0.015274309553205967,0.11002810299396515
S5-q1-0881,5,q1,0.1335235834121704,0.1335236132144928,0.1616627424955368
S5-q1-0882,5,q1,0.1460363119840622,0.146036297082901,0.1838749349117279
S5-q1-0883,5,q1,0.34863340854644775,0.3486332595348358,0.4025925397872925
S5-q1-0884,5,q1,0.5550150275230408,0.5550150275230408,0.6072883009910583
S5-q1-0885,5,q1,0.6643733382225037,0.6643731594085693,0.7460024952888489
S5-q1-0886,5,q1,0.4393155872821808,0.43931543827056885,0.458003968000412
S5-q1-0887,5,q1,0.05199141800403595,0.05199144408106804,0.19355493783950806
S5-q1-0888,5,q1,0.6725735068321228,0.672573447227478,0.7036992907524109
S5-q1-0889,5,q1,0.2777785658836365,0.27777859568595886,0.2894538938999176
S5-q1-0890,5,q1,0.9235521554946899,0.9235520958900452,0.920762300491333
S5-q1-0891,5,q1,0.2777785658836365,0.27777859568595886,0.2894538938999176
S5-q1-0892,5,q1,0.5073081254959106,0.5073080658912659,0.6033938527107239
S5-q1-0893,5,q1,0.059812698513269424,0.059812746942043304,0.1653994470834732
S5-q1-0894,5,q1,0.7333765029907227,0.7333765029907227,0.7621818780899048
S5-q1-0895,5,q1,0.05006689950823784,0.05006684362888336,0.1287146359682083
S5-q1-0896,5,q1,0.8136263489723206,0.8136261701583862,0.8626613616943359
S5-q1-0897,5,q1,0.2679383456707001,0.2679382562637329,0.24261759221553802
S5-q1-0898,5,q1,0.6009116172790527,0.6009114384651184,0.6475760340690613
S5-q1-0899,5,q1,0.46445232629776,0.46445226669311523,0.5287342667579651
S5-q1-0900,5,q1,0.6363227367401123,0.6363227963447571,0.6429545283317566
S5-q1-0901,5,q1,0.8825045824050903,0.8825046420097351,0.8918039798736572
S5-q1-0902,5,q1,0.08034394681453705,0.0803438201546669,0.19799740612506866
S5-q1-0903,5,q1,0.5660656690597534,0.5660656690597534,0.5912856459617615
S5-q1-0904,5,q1,0.5761610269546509,0.5761608481407166,0.6287397146224976
S5-q1-0905,5,q1,0.5201276540756226,0.5201275944709778,0.5451636910438538
S5-q1-0906,5,q1,0.5531461834907532,0.5531460642814636,0.6140621900558472
S5-q1-0907,5,q1,0.3500337302684784,0.3500337302684784,0.3451313078403473
S5-q1-0908,5,q1,0.7471325993537903,0.7471324801445007,0.7608315944671631
S5-q1-0909,5,q1,0.6456852555274963,0.6456851959228516,0.6814923286437988
S5-q1-0910,5,q1,0.582694411277771,0.5826942324638367,0.6495919227600098
S5-q1-0911,5,q1,0.2433752864599228,0.2433752864599228,0.24426311254501343
S5-q1-0912,5,q1,0.7076572775840759,0.7076570987701416,0.7109426259994507
S5-q1-0913,5,q1,0.5073081254959106,0.5073080658912659,0.6033938527107239
S5-q1-0914,5,q1,0.5550150275230408,0.5550150275230408,0.6072883009910583
S5-q1-0915,5,q1,0.015274250879883766,0.015274309553205967,0.11002810299396515
S5-q1-0916,5,q1,0.03920751065015793,0.039207592606544495,0.05626088008284569
S5-q1-0917,5,q1,-0.00728046428412199,-0.007280462421476841,0.2043764591217041
S5-q1-0918,5,q1,0.2777785658836365,0.27777859568595886,0.2894538938999176
S5-q1-0919,5,q1,0.5308932065963745,0.5308931469917297,0.6290481090545654
S5-q1-0920,5,q1,0.44914430379867554,0.44914424419403076,0.49389389157295227
S5-q1-0921,5,q1,0.5761610269546509,0.5761608481407166,0.6287397146224976
S5-q1-0922,5,q1,0.11188151687383652,0.11188163608312607,0.12105846405029297
S5-q1-0923,5,q1,0.7535325884819031,0.7535326480865479,0.7596309185028076
S5-q1-0924,5,q1,0.03920751065015793,0.039207592606544495,0.05626088008284569
S5-q1-0925,5,q1,0.5761610269546509,0.5761608481407166,0.6287397146224976
S5-q1-0926,5,q1,0.08747483789920807,0.08747479319572449,0.1863073706626892
S5-q1-0927,5,q1,0.5929169654846191,0.5929168462753296,0.6075084209442139
S5-q1-0928,5,q1,0.607036828994751,0.6070368885993958,0.6621668338775635
S5-q1-0929,5,q1,0.5706606507301331,0.5706604719161987,0.6504749059677124
S5-q1-0930,5,q1,0.41080814599990845,0.4108080267906189,0.3998323976993561
S5-q1-0931,5,q1,0.27120932936668396,0.2712092399597168,0.3319363296031952
S5-q1-0932,5,q1,0.5610867738723755,0.5610865950584412,0.5549112558364868
S5-q1-0933,5,q1,0.46405255794525146,0.4640524983406067,0.5084599852561951
S5-q1-0934,5,q1,0.10229407250881195,0.10229414701461792,0.30297085642814636
S5-q1-0935,5,q1,0.11162479966878891,0.11162478476762772,0.1545332968235016
S5-q1-0936,5,q1,0.23418070375919342,0.23418064415454865,0.2530957758426666
S5-q1-0937,5,q1,0.09392663091421127,0.09392668306827545,0.2869453430175781
S5-q1-0938,5,q1,0.19781693816184998,0.19781695306301117,0.18928739428520203
S5-q1-0939,5,q1,0.5929169654846191,0.5929168462753296,0.6075084209442139
S5-q1-0940,5,q1,0.5220773220062256,0.522077202796936,0.6222622394561768
S5-q1-0941,5,q1,0.5702418088912964,0.5702418684959412,0.591660737991333
S5-q1-0942,5,q1,0.004764215555042028,0.0047642625868320465,0.13715216517448425
S5-q1-0943,5,q1,0.47068125009536743,0.4706810712814331,0.5201617479324341
S5-q1-0944,5,q1,-0.01125151664018631,-0.011251512914896011,0.20914098620414734
S5-q1-0945,5,q1,0.2777785658836365,0.27777859568595886,0.2894538938999176
S5-q1-0946,5,q1,0.7463892698287964,0.7463892698287964,0.7428025007247925
S5-q1-0947,5,q1,0.6144250631332397,0.614425003528595,0.6531965732574463
S5-q1-0948,5,q1,0.3213542103767395,0.32135409116744995,0.3923506438732147
S5-q1-0949,5,q1,0.5682787299156189,0.5682785511016846,0.6351435780525208
S5-q1-0950,5,q1,0.5929169654846191,0.5929168462753296,0.6075084209442139
S5-q1-0951,5,q1,0.5550150275230408,0.5550150275230408,0.6072883009910583
S5-q1-0952,5,q1,0.1335235834121704,0.1335236132144928,0.1616627424955368
S5-q1-0953,5,q1,0.31024083495140076,0.3102407455444336,0.3436543643474579
S5-q1-0954,5,q1,0.6043314337730408,0.604331374168396,0.6213833093643188
S5-q1-0955,5,q1,0.582694411277771,0.5826942324638367,0.6495919227600098
S5-q1-0956,5,q1,0.5657806992530823,0.565780520439148,0.585753858089447
S5-q1-0957,5,q1,0.5761610269546509,0.5761608481407166,0.6287397146224976
S5-q1-0958,5,q1,0.312574177980423,0.312574177980423,0.32406702637672424
S5-q1-0959,5,q1,0.786903440952301,0.7869032621383667,0.7984196543693542
S5-q1-0960,5,q1,0.6354045271873474,0.6354043483734131,0.6970464587211609
S5-q1-0961,5,q1,0.6625199913978577,0.6625199317932129,0.6942846179008484
S5-q1-0962,5,q1,0.004764215555042028,0.0047642625868320465,0.13715216517448425
S5-q1-0963,5,q1,0.7076572775840759,0.7076570987701416,0.7109426259994507
S5-q1-0964,5,q1,0.08318047225475311,0.08318044245243073,0.10655719041824341
S5-q1-0965,5,q1,0.7620022892951965,0.7620019912719727,0.7714744806289673
S5-q1-0966,5,q1,0.5331869125366211,0.5331867337226868,0.595820426940918
S5-q1-0967,5,q1,-0.04764540493488312,-0.04764541983604431,0.04223542660474777
S5-q1-0968,5,q1,0.5548216104507446,0.5548215508460999,0.6229633092880249
S5-q1-0969,5,q1,0.5761610269546509,0.5761608481407166,0.6287397146224976
S5-q1-0970,5,q1,0.14170370995998383,0.14170357584953308,0.20882102847099304
S5-q1-0971,5,q1,-0.00728046428412199,-0.007280462421476841,0.2043764591217041
S5-q1-0972,5,q1,0.015274250879883766,0.015274309553205967,0.11002810299396515
S5-q1-0973,5,q1,0.2535766363143921,0.25357669591903687,0.28643399477005005
S5-q1-0974,5,q1,0.45036959648132324,0.45036959648132324,0.4963473975658417
S5-q1-0975,5,q1,0.499019056558609,0.49901899695396423,0.5725839734077454
S5-q1-0976,5,q1,-0.0805007591843605,-0.08050085604190826,0.15471872687339783
S5-q1-0977,5,q1,0.6159456968307495,0.61594557762146,0.6314998269081116
S5-q1-0978,5,q1,0.5073081254959106,0.5073080658912659,0.6033938527107239
S5-q1-0979,5,q1,0.2433752864599228,0.2433752864599228,0.24426311254501343
S5-q1-0980,5,q1,0.2777785658836365,0.27777859568595886,0.2894538938999176
S5-q1-0981,5,q1,0.45036959648132324,0.45036959648132324,0.4963473975658417
S5-q1-0982,5,q1,0.6625199913978577,0.6625199317932129,0.6942846179008484
S5-q1-0983,5,q1,0.37617766857147217,0.3761775493621826,0.42105934023857117
S5-q1-0984,5,q1,-0.00728046428412199,-0.007280462421476841,0.2043764591217041
S5-q1-0985,5,q1,0.6050359010696411,0.6050357818603516,0.660341203212738
S5-q1-0986,5,q1,-0.00728046428412199,-0.007280462421476841,0.2043764591217041
S5-q1-0987,5,q1,0.01845349557697773,0.01845346949994564,0.11713149398565292
S5-q1-0988,5,q1,0.3893789052963257,0.3893786668777466,0.41666942834854126
S5-q1-0989,5,q1,0.7076572775840759,0.7076570987701416,0.7109426259994507
S5-q1-0990,5,q1,0.32140830159187317,0.321408212184906,0.39287254214286804
S5-q1-0991,5,q1,0.582694411277771,0.5826942324638367,0.6495919227600098
S5-q1-0992,5,q1,0.6672869920730591,0.6672868728637695,0.6835571527481079
S5-q1-0993,5,q1,0.018124902620911598,0.018124837428331375,0.13665735721588135
S5-q1-0994,5,q1,0.45081934332847595,0.450819194316864,0.5070444941520691
S5-q1-0995,5,q1,0.2679383456707001,0.2679382562637329,0.24261759221553802
S5-q1-0996,5,q1,0.786903440952301,0.7869032621383667,0.7984196543693542
S5-q1-0997,5,q1,0.6281893849372864,0.6281892657279968,0.6431859731674194
S5-q1-0998,5,q1,0.7463892698287964,0.7463892698287964,0.7428025007247925
S5-q1-0999,5,q1,0.6363227367401123,0.6363227963447571,0.6429545283317566
S5-q1-1000,5,q1,0.3541921079158783,0.35419198870658875,0.40187594294548035
S5-q1-1001,5,q1,0.5850782990455627,0.5850781798362732,0.6890484094619751
S5-q1-1002,5,q1,0.2401115745306015,0.24011147022247314,0.23062603175640106
S5-q1-1003,5,q1,0.3161841034889221,0.31618401408195496,0.3015139400959015
S5-q1-1004,5,q1,0.35214734077453613,0.35214734077453613,0.4302401840686798
S5-q1-1005,5,q1,0.6159456968307495,0.61594557762146,0.6314998269081116
S5-q1-1006,5,q1,0.6159456968307495,0.61594557762146,0.6314998269081116
S5-q1-1007,5,q1,0.015274250879883766,0.015274309553205967,0.11002810299396515
S5-q1-1008,5,q1,0.057729676365852356,0.05772972106933594,0.14346042275428772
S5-q1-1009,5,q1,0.658065915107727,0.6580658555030823,0.6972533464431763
S5-q1-1010,5,q1,0.2401115745306015,0.24011147022247314,0.23062603175640106
S5-q1-1011,5,q1,0.44914430379867554,0.44914424419403076,0.49389389157295227
S5-q1-1012,5,q1,0.5761610269546509,0.5761608481407166,0.6287397146224976
S5-q1-1013,5,q1,0.2535766363143921,0.25357669591903687,0.28643399477005005
S5-q1-1014,5,q1,-0.00728046428412199,-0.007280462421476841,0.2043764591217041
S5-q1-1015,5,q1,0.5929169654846191,0.5929168462753296,0.6075084209442139
S5-q1-1016,5,q1,0.2777785658836365,0.27777859568595886,0.2894538938999176
S5-q1-1017,5,q1,0.6263469457626343,0.6263466477394104,0.6423822641372681
S5-q1-1018,5,q1,0.5451915860176086,0.5451914668083191,0.6046704053878784
S5-q1-1019,5,q1,0.7358580231666565,0.7358579039573669,0.7320601344108582
S5-q1-1020,5,q1,0.004764215555042028,0.0047642625868320465,0.13715216517448425
S5-q1-1021,5,q1,0.3607947528362274,0.3607945442199707,0.4601242244243622
S5-q1-1022,5,q1,0.21397750079631805,0.2139774113893509,0.2572077810764313
S5-q1-1023,5,q1,0.132064089179039,0.1320640593767166,0.154427632689476
S5-q1-1024,5,q1,0.46758052706718445,0.4675803780555725,0.539340078830719
S5-q1-1025,5,q1,0.6363227367401123,0.6363227963447571,0.6429545283317566
S5-q1-1026,5,q1,0.5073081254959106,0.5073080658912659,0.6033938527107239
S5-q1-1027,5,q1,0.20405013859272003,0.20405015349388123,0.215817391872406
S5-q1-1028,5,q1,0.7076572775840759,0.7076570987701416,0.7109426259994507
S5-q1-1029,5,q1,0.6159456968307495,0.61594557762146,0.6314998269081116
S5-q1-1030,5,q1,0.5840903520584106,0.5840902328491211,0.6383757591247559
S5-q1-1031,5,q1,0.2777785658836365,0.27777859568595886,0.2894538938999176
S5-q1-1032,5,q1,0.6456852555274963,0.6456851959228516,0.6814923286437988
S5-q1-1033,5,q1,0.16790664196014404,0.1679064929485321,0.23624876141548157
S5-q1-1034,5,q1,0.3933112919330597,0.3933110535144806,0.43911659717559814
S5-q1-1035,5,q1,0.2535766363143921,0.25357669591903687,0.28643399477005005
S5-q1-1036,5,q1,0.2777785658836365,0.27777859568595886,0.2894538938999176
S5-q1-1037,5,q1,0.5761610269546509,0.5761608481407166,0.6287397146224976
S5-q1-1038,5,q1,0.7280254364013672,0.7280253767967224,0.740148663520813
S5-q1-1039,5,q1,0.6136823296546936,0.613682210445404,0.655837893486023
S5-q1-1040,5,q1,0.12630757689476013,0.1263076663017273,0.15596872568130493
S5-q1-1041,5,q1,0.6345199346542358,0.6345199346542358,0.6462841629981995
S5-q1-1042,5,q1,0.015274250879883766,0.015274309553205967,0.11002810299396515
S5-q1-1043,5,q1,0.6795092821121216,0.6795092225074768,0.6842794418334961
S5-q1-1044,5,q1,0.6159456968307495,0.61594557762146,0.6314998269081116
S5-q1-1045,5,q1,0.44914430379867554,0.44914424419403076,0.49389389157295227
S5-q1-1046,5,q1,0.11438049376010895,0.11438043415546417,0.1277061104774475
S5-q1-1047,5,q1,0.5761610269546509,0.5761608481407166,0.6287397146224976
S5-q1-1048,5,q1,0.7471325993537903,0.7471324801445007,0.7608315944671631
S5-q1-1049,5,q1,0.45036959648132324,0.45036959648132324,0.4963473975658417
S5-q1-1050,5,q1,-0.03497875854372978,-0.03497880697250366,0.1955009549856186
S5-q1-1051,5,q1,0.46254780888557434,0.4625476002693176,0.5348466634750366
S5-q1-1052,5,q1,0.5508731007575989,0.5508729219436646,0.5792549848556519
S5-q1-1053,5,q1,0.577542781829834,0.5775427222251892,0.6520290374755859
S5-q1-1054,5,q1,0.015274250879883766,0.015274309553205967,0.11002810299396515
S5-q1-1055,5,q1,0.7380219101905823,0.7380219101905823,0.7472516298294067
S5-q1-1056,5,q1,0.5531461834907532,0.5531460642814636,0.6140621900558472
S5-q1-1057,5,q1,0.45036959648132324,0.45036959648132324,0.4963473975658417
S5-q1-1058,5,q1,0.16657701134681702,0.16657695174217224,0.24460451304912567
S5-q1-1059,5,q1,0.3926220238208771,0.3926217555999756,0.4193781614303589
S5-q1-1060,5,q1,0.11350025236606598,0.11350014805793762,0.13648077845573425
S5-q1-1061,5,q1,0.30248406529426575,0.30248400568962097,0.31917762756347656
S5-q1-1062,5,q1,0.5929169654846191,0.5929168462753296,0.6075084209442139
S5-q1-1063,5,q1,0.2777785658836365,0.27777859568595886,0.2894538938999176
S5-q1-1064,5,q1,0.1270454078912735,0.1270453780889511,0.16736193001270294
S5-q1-1065,5,q1,0.5073081254959106,0.5073080658912659,0.6033938527107239
S5-q1-1066,5,q1,0.03264971449971199,0.032649796456098557,0.09711349755525589
S5-q1-1067,5,q1,0.2874795198440552,0.2874794006347656,0.3099684715270996
S5-q1-1068,5,q1,0.015274250879883766,0.015274309553205967,0.11002810299396515
S5-q1-1069,5,q1,0.2777785658836365,0.27777859568595886,0.2894538938999176
S5-q1-1070,5,q1,0.2777785658836365,0.27777859568595886,0.2894538938999176
S5-q1-1071,5,q1,0.5840903520584106,0.5840902328491211,0.6383757591247559
S5-q1-1072,5,q1,0.2588452100753784,0.25884515047073364,0.2966559827327728
S5-q1-1073,5,q1,0.2777785658836365,0.27777859568595886,0.2894538938999176
S5-q1-1074,5,q1,0.09113583713769913,0.09113578498363495,0.13396254181861877
S5-q1-1075,5,q1,0.5256028771400452,0.5256028771400452,0.5839747786521912
S5-q1-1076,5,q1,0.6491037011146545,0.6491037011146545,0.6757646799087524
S5-q1-1077,5,q1,0.5575962066650391,0.5575960278511047,0.6151778101921082
S5-q1-1078,5,q1,0.5840903520584106,0.5840902328491211,0.6383757591247559
S5-q1-1079,5,q1,0.37617766857147217,0.3761775493621826,0.42105934023857117
S5-q1-1080,5,q1,0.47832193970680237,0.47832179069519043,0.5356034636497498
S5-q1-1081,5,q1,0.015274250879883766,0.015274309553205967,0.11002810299396515
S5-q1-1082,5,q1,0.46401235461235046,0.4640123248100281,0.5221347808837891
S5-q1-1083,5,q1,0.6319880485534668,0.6319879293441772,0.661641001701355
S5-q1-1084,5,q1,0.44044142961502075,0.4404413402080536,0.486219197511673
S5-q1-1085,5,q1,0.5761610269546509,0.5761608481407166,0.6287397146224976
S5-q1-1086,5,q1,0.5929169654846191,0.5929168462753296,0.6075084209442139
S5-q1-1087,5,q1,0.5508731007575989,0.5508729219436646,0.5792549848556519
S5-q1-1088,5,q1,0.015274250879883766,0.015274309553205967,0.11002810299396515
S5-q1-1089,5,q1,0.45036959648132324,0.45036959648132324,0.4963473975658417
S5-q1-1090,5,q1,0.5378857851028442,0.537885844707489,0.5671544671058655
S5-q1-1091,5,q1,0.5543304085731506,0.5543301701545715,0.6067718863487244
S5-q1-1092,5,q1,0.45081934332847595,0.450819194316864,0.5070444941520691
S5-q1-1093,5,q1,-0.03830057382583618,-0.0383005365729332,0.11138985306024551
S5-q1-1094,5,q1,0.6629493832588196,0.6629492044448853,0.6873175501823425
S5-q1-1095,5,q1,0.45081934332847595,0.450819194316864,0.5070444941520691
S5-q1-1096,5,q1,0.5073081254959106,0.5073080658912659,0.6033938527107239
S5-q1-1097,5,q1,0.30003225803375244,0.30003219842910767,0.3225055932998657
S5-q1-1098,5,q1,0.1636745184659958,0.1636744886636734,0.2446475625038147
S5-q1-1099,5,q1,0.5593191385269165,0.5593190789222717,0.6647714972496033
S5-q1-1100,5,q1,0.5512069463729858,0.5512068867683411,0.6294798254966736
S5-q1-1101,5,q1,0.2839231789112091,0.28392305970191956,0.30835193395614624
S5-q1-1102,5,q1,0.16870823502540588,0.16870829463005066,0.17965540289878845
S5-q1-1103,5,q1,0.2462228685617447,0.24622295796871185,0.2603393793106079
S5-q1-1104,5,q1,0.07449500262737274,0.07449506223201752,0.1924172341823578
S5-q1-1105,5,q1,0.051815249025821686,0.05181526392698288,0.08911062031984329
S5-q1-1106,5,q1,0.14795711636543274,0.14795714616775513,0.1900450438261032
S5-q1-1107,5,q1,0.1270454078912735,0.1270453780889511,0.16736193001270294
S5-q1-1108,5,q1,0.5531461834907532,0.5531460642814636,0.6140621900558472
S5-q1-1109,5,q1,0.5531461834907532,0.5531460642814636,0.6140621900558472
S5-q1-1110,5,q1,0.45036959648132324,0.45036959648132324,0.4963473975658417
S5-q1-1111,5,q1,0.5929169654846191,0.5929168462753296,0.6075084209442139
S5-q1-1112,5,q1,0.529396653175354,0.529396653175354,0.5882902145385742
S5-q1-1113,5,q1,0.4833329916000366,0.48333293199539185,0.4841417074203491
S5-q1-1114,5,q1,0.057858482003211975,0.05785848945379257,0.06653138250112534
S5-q1-1115,5,q1,0.6522814035415649,0.6522813439369202,0.6876760721206665
S5-q1-1116,5,q1,0.281465619802475,0.2814657390117645,0.311491459608078
S5-q1-1117,5,q1,0.057858482003211975,0.05785848945379257,0.06653138250112534
S5-q1-1118,5,q1,0.6159456968307495,0.61594557762146,0.6314998269081116
S5-q1-1119,5,q1,0.6983795166015625,0.698379635810852,0.7262722849845886
S5-q1-1120,5,q1,0.582694411277771,0.5826942324638367,0.6495919227600098
S5-q1-1121,5,q1,0.6050359010696411,0.6050357818603516,0.660341203212738
S5-q1-1122,5,q1,0.02264096960425377,0.02264098823070526,0.09715887904167175
S5-q1-1123,5,q1,0.20120787620544434,0.20120784640312195,0.25773677229881287
S5-q1-1124,5,q1,0.5375143885612488,0.5375142097473145,0.550014317035675
S5-q1-1125,5,q1,0.5441992282867432,0.5441991090774536,0.639405369758606
S5-q1-1126,5,q1,0.6431923508644104,0.6431923508644104,0.6715646386146545
S5-q1-1127,5,q1,0.2535766363143921,0.25357669591903687,0.28643399477005005
S5-q1-1128,5,q1,0.27877259254455566,0.2787726819515228,0.29805487394332886
S5-q1-1129,5,q1,0.654705822467804,0.6547057628631592,0.66606605052948
S5-q1-1130,5,q1,0.30580422282218933,0.3058043122291565,0.3221363425254822
S5-q1-1131,5,q1,0.5936282277107239,0.5936281681060791,0.6238829493522644
S5-q1-1132,5,q1,0.5229871869087219,0.5229871869087219,0.5621696710586548
S5-q1-1133,5,q1,0.27247464656829834,0.2724747061729431,0.29400765895843506
S5-q1-1134,5,q1,0.10972099751234055,0.10972104966640472,0.15419109165668488
S5-q1-1135,5,q1,0.654705822467804,0.6547057628631592,0.66606605052948
S5-q1-1136,5,q1,0.41313615441322327,0.4131360948085785,0.4729842245578766
S5-q1-1137,5,q1,0.22120997309684753,0.22120998799800873,0.2827523946762085
S5-q1-1138,5,q1,0.571322500705719,0.5713223814964294,0.637660026550293
S5-q1-1139,5,q1,0.5840903520584106,0.5840902328491211,0.6383757591247559
S5-q1-1140,5,q1,0.020386071875691414,0.02038593590259552,0.15138356387615204
S5-q1-1141,5,q1,0.2777785658836365,0.27777859568595886,0.2894538938999176
S5-q1-1142,5,q1,0.3137218952178955,0.31372204422950745,0.31009232997894287
S5-q1-1143,5,q1,0.5706606507301331,0.5706604719161987,0.6504749059677124
S5-q1-1144,5,q1,0.21018850803375244,0.21018826961517334,0.2555274963378906
S5-q1-1145,5,q1,0.2854922413825989,0.2854923903942108,0.31949108839035034
S5-q1-1146,5,q1,0.281465619802475,0.2814657390117645,0.311491459608078
S5-q1-1147,5,q1,0.08817615360021591,0.0881761759519577,0.1279282569885254
S5-q1-1148,5,q1,0.6795092821121216,0.6795092225074768,0.6842794418334961
S5-q1-1149,5,q1,0.032560206949710846,0.032560233026742935,0.11740725487470627
S5-q1-1150,5,q1,0.5761610269546509,0.5761608481407166,0.6287397146224976
S5-q1-1151,5,q1,0.4968714118003845,0.4968712627887726,0.5936108827590942
S5-q1-1152,5,q1,0.5761610269546509,0.5761608481407166,0.6287397146224976
S5-q1-1153,5,q1,0.5745867490768433,0.5745866298675537,0.6223370432853699
S5-q1-1154,5,q1,0.24022147059440613,0.24022144079208374,0.24955704808235168
S5-q1-1155,5,q1,0.037381611764431,0.0373816154897213,0.09291069954633713
S5-q1-1156,5,q1,0.5158122181892395,0.5158122181892395,0.5694635510444641
S5-q1-1157,5,q1,0.3828972578048706,0.38289710879325867,0.40880703926086426
S5-q1-1158,5,q1,0.41131243109703064,0.4113122820854187,0.4758671224117279
S5-q1-1159,5,q1,0.5531461834907532,0.5531460642814636,0.6140621900558472
S5-q1-1160,5,q1,0.522354006767273,0.5223538279533386,0.5984402894973755
S5-q1-1161,5,q1,0.5531461834907532,0.5531460642814636,0.6140621900558472
S5-q1-1162,5,q1,0.5531461834907532,0.5531460642814636,0.6140621900558472
S5-q1-1163,5,q1,0.5531461834907532,0.5531460642814636,0.6140621900558472
S5-q1-1164,5,q1,0.5531461834907532,0.5531460642814636,0.6140621900558472
S5-q1-1165,5,q1,0.5531461834907532,0.5531460642814636,0.6140621900558472
S5-q1-1166,5,q1,-0.017513807862997055,-0.017513873055577278,0.17718827724456787
